"TIME","GEO","UNIT","PRODUCT","INDIC_NRG","Value","Flag and Footnotes"
"2005","European Union (28 countries)","Thousand TOE (tonnes of oil equivalent)","Waste (non-renewable)","Gross inland consumption","7,817.9",""
"2005","European Union (28 countries)","Terajoule","Waste (non-renewable)","Gross inland consumption","327,319",""
"2005","Euro area (19 countries)","Thousand TOE (tonnes of oil equivalent)","Waste (non-renewable)","Gross inland consumption","5,803.1",""
"2005","Euro area (19 countries)","Terajoule","Waste (non-renewable)","Gross inland consumption","242,963",""
"2005","Belgium","Thousand TOE (tonnes of oil equivalent)","Waste (non-renewable)","Gross inland consumption","502.1",""
"2005","Belgium","Terajoule","Waste (non-renewable)","Gross inland consumption","21,024",""
"2005","Bulgaria","Thousand TOE (tonnes of oil equivalent)","Waste (non-renewable)","Gross inland consumption","58.3",""
"2005","Bulgaria","Terajoule","Waste (non-renewable)","Gross inland consumption","2,442",""
"2005","Czech Republic","Thousand TOE (tonnes of oil equivalent)","Waste (non-renewable)","Gross inland consumption","171.9",""
"2005","Czech Republic","Terajoule","Waste (non-renewable)","Gross inland consumption","7,199",""
"2005","Denmark","Thousand TOE (tonnes of oil equivalent)","Waste (non-renewable)","Gross inland consumption","406.2",""
"2005","Denmark","Terajoule","Waste (non-renewable)","Gross inland consumption","17,006",""
"2005","Germany (until 1990 former territory of the FRG)","Thousand TOE (tonnes of oil equivalent)","Waste (non-renewable)","Gross inland consumption","1,844.8",""
"2005","Germany (until 1990 former territory of the FRG)","Terajoule","Waste (non-renewable)","Gross inland consumption","77,240",""
"2005","Estonia","Thousand TOE (tonnes of oil equivalent)","Waste (non-renewable)","Gross inland consumption","0.0",""
"2005","Estonia","Terajoule","Waste (non-renewable)","Gross inland consumption","0",""
"2005","Ireland","Thousand TOE (tonnes of oil equivalent)","Waste (non-renewable)","Gross inland consumption","0.0",""
"2005","Ireland","Terajoule","Waste (non-renewable)","Gross inland consumption","0",""
"2005","Greece","Thousand TOE (tonnes of oil equivalent)","Waste (non-renewable)","Gross inland consumption","24.8",""
"2005","Greece","Terajoule","Waste (non-renewable)","Gross inland consumption","1,040",""
"2005","Spain","Thousand TOE (tonnes of oil equivalent)","Waste (non-renewable)","Gross inland consumption","189.3",""
"2005","Spain","Terajoule","Waste (non-renewable)","Gross inland consumption","7,924",""
"2005","France","Thousand TOE (tonnes of oil equivalent)","Waste (non-renewable)","Gross inland consumption","1,057.9",""
"2005","France","Terajoule","Waste (non-renewable)","Gross inland consumption","44,293",""
"2005","Croatia","Thousand TOE (tonnes of oil equivalent)","Waste (non-renewable)","Gross inland consumption","4.2",""
"2005","Croatia","Terajoule","Waste (non-renewable)","Gross inland consumption","176",""
"2005","Italy","Thousand TOE (tonnes of oil equivalent)","Waste (non-renewable)","Gross inland consumption","672.8",""
"2005","Italy","Terajoule","Waste (non-renewable)","Gross inland consumption","28,167",""
"2005","Cyprus","Thousand TOE (tonnes of oil equivalent)","Waste (non-renewable)","Gross inland consumption","3.3",""
"2005","Cyprus","Terajoule","Waste (non-renewable)","Gross inland consumption","138",""
"2005","Latvia","Thousand TOE (tonnes of oil equivalent)","Waste (non-renewable)","Gross inland consumption","4.4",""
"2005","Latvia","Terajoule","Waste (non-renewable)","Gross inland consumption","183",""
"2005","Lithuania","Thousand TOE (tonnes of oil equivalent)","Waste (non-renewable)","Gross inland consumption","0.0",""
"2005","Lithuania","Terajoule","Waste (non-renewable)","Gross inland consumption","0",""
"2005","Luxembourg","Thousand TOE (tonnes of oil equivalent)","Waste (non-renewable)","Gross inland consumption","35.1",""
"2005","Luxembourg","Terajoule","Waste (non-renewable)","Gross inland consumption","1,469",""
"2005","Hungary","Thousand TOE (tonnes of oil equivalent)","Waste (non-renewable)","Gross inland consumption","62.4",""
"2005","Hungary","Terajoule","Waste (non-renewable)","Gross inland consumption","2,614",""
"2005","Malta","Thousand TOE (tonnes of oil equivalent)","Waste (non-renewable)","Gross inland consumption","0.0",""
"2005","Malta","Terajoule","Waste (non-renewable)","Gross inland consumption","0",""
"2005","Netherlands","Thousand TOE (tonnes of oil equivalent)","Waste (non-renewable)","Gross inland consumption","718.0",""
"2005","Netherlands","Terajoule","Waste (non-renewable)","Gross inland consumption","30,062",""
"2005","Austria","Thousand TOE (tonnes of oil equivalent)","Waste (non-renewable)","Gross inland consumption","440.6",""
"2005","Austria","Terajoule","Waste (non-renewable)","Gross inland consumption","18,449",""
"2005","Poland","Thousand TOE (tonnes of oil equivalent)","Waste (non-renewable)","Gross inland consumption","156.4",""
"2005","Poland","Terajoule","Waste (non-renewable)","Gross inland consumption","6,550",""
"2005","Portugal","Thousand TOE (tonnes of oil equivalent)","Waste (non-renewable)","Gross inland consumption","140.1",""
"2005","Portugal","Terajoule","Waste (non-renewable)","Gross inland consumption","5,864",""
"2005","Romania","Thousand TOE (tonnes of oil equivalent)","Waste (non-renewable)","Gross inland consumption","85.4",""
"2005","Romania","Terajoule","Waste (non-renewable)","Gross inland consumption","3,574",""
"2005","Slovenia","Thousand TOE (tonnes of oil equivalent)","Waste (non-renewable)","Gross inland consumption","12.9",""
"2005","Slovenia","Terajoule","Waste (non-renewable)","Gross inland consumption","542",""
"2005","Slovakia","Thousand TOE (tonnes of oil equivalent)","Waste (non-renewable)","Gross inland consumption","50.5",""
"2005","Slovakia","Terajoule","Waste (non-renewable)","Gross inland consumption","2,114",""
"2005","Finland","Thousand TOE (tonnes of oil equivalent)","Waste (non-renewable)","Gross inland consumption","106.4",""
"2005","Finland","Terajoule","Waste (non-renewable)","Gross inland consumption","4,454",""
"2005","Sweden","Thousand TOE (tonnes of oil equivalent)","Waste (non-renewable)","Gross inland consumption","482.2",""
"2005","Sweden","Terajoule","Waste (non-renewable)","Gross inland consumption","20,188",""
"2005","United Kingdom","Thousand TOE (tonnes of oil equivalent)","Waste (non-renewable)","Gross inland consumption","587.7",""
"2005","United Kingdom","Terajoule","Waste (non-renewable)","Gross inland consumption","24,607",""
"2005","Iceland","Thousand TOE (tonnes of oil equivalent)","Waste (non-renewable)","Gross inland consumption","0.8",""
"2005","Iceland","Terajoule","Waste (non-renewable)","Gross inland consumption","35",""
"2005","Norway","Thousand TOE (tonnes of oil equivalent)","Waste (non-renewable)","Gross inland consumption","102.8",""
"2005","Norway","Terajoule","Waste (non-renewable)","Gross inland consumption","4,303",""
"2005","Montenegro","Thousand TOE (tonnes of oil equivalent)","Waste (non-renewable)","Gross inland consumption","0.0",""
"2005","Montenegro","Terajoule","Waste (non-renewable)","Gross inland consumption","0",""
"2005","Former Yugoslav Republic of Macedonia, the","Thousand TOE (tonnes of oil equivalent)","Waste (non-renewable)","Gross inland consumption","0.0",""
"2005","Former Yugoslav Republic of Macedonia, the","Terajoule","Waste (non-renewable)","Gross inland consumption","0",""
"2005","Albania","Thousand TOE (tonnes of oil equivalent)","Waste (non-renewable)","Gross inland consumption","0.0",""
"2005","Albania","Terajoule","Waste (non-renewable)","Gross inland consumption","0",""
"2005","Serbia","Thousand TOE (tonnes of oil equivalent)","Waste (non-renewable)","Gross inland consumption","0.0",""
"2005","Serbia","Terajoule","Waste (non-renewable)","Gross inland consumption","0",""
"2005","Turkey","Thousand TOE (tonnes of oil equivalent)","Waste (non-renewable)","Gross inland consumption","25.2",""
"2005","Turkey","Terajoule","Waste (non-renewable)","Gross inland consumption","1,056",""
"2005","Kosovo (under United Nations Security Council Resolution 1244/99)","Thousand TOE (tonnes of oil equivalent)","Waste (non-renewable)","Gross inland consumption","0.0",""
"2005","Kosovo (under United Nations Security Council Resolution 1244/99)","Terajoule","Waste (non-renewable)","Gross inland consumption","0",""
"2005","Moldova","Thousand TOE (tonnes of oil equivalent)","Waste (non-renewable)","Gross inland consumption","0.0",""
"2005","Moldova","Terajoule","Waste (non-renewable)","Gross inland consumption","0",""
"2005","Ukraine","Thousand TOE (tonnes of oil equivalent)","Waste (non-renewable)","Gross inland consumption","0.0",""
"2005","Ukraine","Terajoule","Waste (non-renewable)","Gross inland consumption","0",""
"2006","European Union (28 countries)","Thousand TOE (tonnes of oil equivalent)","Waste (non-renewable)","Gross inland consumption","8,406.3",""
"2006","European Union (28 countries)","Terajoule","Waste (non-renewable)","Gross inland consumption","351,953",""
"2006","Euro area (19 countries)","Thousand TOE (tonnes of oil equivalent)","Waste (non-renewable)","Gross inland consumption","6,311.9",""
"2006","Euro area (19 countries)","Terajoule","Waste (non-renewable)","Gross inland consumption","264,266",""
"2006","Belgium","Thousand TOE (tonnes of oil equivalent)","Waste (non-renewable)","Gross inland consumption","601.1",""
"2006","Belgium","Terajoule","Waste (non-renewable)","Gross inland consumption","25,166",""
"2006","Bulgaria","Thousand TOE (tonnes of oil equivalent)","Waste (non-renewable)","Gross inland consumption","59.2",""
"2006","Bulgaria","Terajoule","Waste (non-renewable)","Gross inland consumption","2,479",""
"2006","Czech Republic","Thousand TOE (tonnes of oil equivalent)","Waste (non-renewable)","Gross inland consumption","162.3",""
"2006","Czech Republic","Terajoule","Waste (non-renewable)","Gross inland consumption","6,797",""
"2006","Denmark","Thousand TOE (tonnes of oil equivalent)","Waste (non-renewable)","Gross inland consumption","413.0",""
"2006","Denmark","Terajoule","Waste (non-renewable)","Gross inland consumption","17,292",""
"2006","Germany (until 1990 former territory of the FRG)","Thousand TOE (tonnes of oil equivalent)","Waste (non-renewable)","Gross inland consumption","2,161.4",""
"2006","Germany (until 1990 former territory of the FRG)","Terajoule","Waste (non-renewable)","Gross inland consumption","90,492",""
"2006","Estonia","Thousand TOE (tonnes of oil equivalent)","Waste (non-renewable)","Gross inland consumption","0.0",""
"2006","Estonia","Terajoule","Waste (non-renewable)","Gross inland consumption","0",""
"2006","Ireland","Thousand TOE (tonnes of oil equivalent)","Waste (non-renewable)","Gross inland consumption","0.0",""
"2006","Ireland","Terajoule","Waste (non-renewable)","Gross inland consumption","0",""
"2006","Greece","Thousand TOE (tonnes of oil equivalent)","Waste (non-renewable)","Gross inland consumption","5.6",""
"2006","Greece","Terajoule","Waste (non-renewable)","Gross inland consumption","233",""
"2006","Spain","Thousand TOE (tonnes of oil equivalent)","Waste (non-renewable)","Gross inland consumption","252.1",""
"2006","Spain","Terajoule","Waste (non-renewable)","Gross inland consumption","10,556",""
"2006","France","Thousand TOE (tonnes of oil equivalent)","Waste (non-renewable)","Gross inland consumption","1,021.8",""
"2006","France","Terajoule","Waste (non-renewable)","Gross inland consumption","42,780",""
"2006","Croatia","Thousand TOE (tonnes of oil equivalent)","Waste (non-renewable)","Gross inland consumption","4.6",""
"2006","Croatia","Terajoule","Waste (non-renewable)","Gross inland consumption","191",""
"2006","Italy","Thousand TOE (tonnes of oil equivalent)","Waste (non-renewable)","Gross inland consumption","766.0",""
"2006","Italy","Terajoule","Waste (non-renewable)","Gross inland consumption","32,071",""
"2006","Cyprus","Thousand TOE (tonnes of oil equivalent)","Waste (non-renewable)","Gross inland consumption","1.7",""
"2006","Cyprus","Terajoule","Waste (non-renewable)","Gross inland consumption","73",""
"2006","Latvia","Thousand TOE (tonnes of oil equivalent)","Waste (non-renewable)","Gross inland consumption","3.1",""
"2006","Latvia","Terajoule","Waste (non-renewable)","Gross inland consumption","131",""
"2006","Lithuania","Thousand TOE (tonnes of oil equivalent)","Waste (non-renewable)","Gross inland consumption","0.0",""
"2006","Lithuania","Terajoule","Waste (non-renewable)","Gross inland consumption","0",""
"2006","Luxembourg","Thousand TOE (tonnes of oil equivalent)","Waste (non-renewable)","Gross inland consumption","36.9",""
"2006","Luxembourg","Terajoule","Waste (non-renewable)","Gross inland consumption","1,544",""
"2006","Hungary","Thousand TOE (tonnes of oil equivalent)","Waste (non-renewable)","Gross inland consumption","74.4",""
"2006","Hungary","Terajoule","Waste (non-renewable)","Gross inland consumption","3,117",""
"2006","Malta","Thousand TOE (tonnes of oil equivalent)","Waste (non-renewable)","Gross inland consumption","0.0",""
"2006","Malta","Terajoule","Waste (non-renewable)","Gross inland consumption","0",""
"2006","Netherlands","Thousand TOE (tonnes of oil equivalent)","Waste (non-renewable)","Gross inland consumption","688.7",""
"2006","Netherlands","Terajoule","Waste (non-renewable)","Gross inland consumption","28,834",""
"2006","Austria","Thousand TOE (tonnes of oil equivalent)","Waste (non-renewable)","Gross inland consumption","474.6",""
"2006","Austria","Terajoule","Waste (non-renewable)","Gross inland consumption","19,872",""
"2006","Poland","Thousand TOE (tonnes of oil equivalent)","Waste (non-renewable)","Gross inland consumption","282.4",""
"2006","Poland","Terajoule","Waste (non-renewable)","Gross inland consumption","11,824",""
"2006","Portugal","Thousand TOE (tonnes of oil equivalent)","Waste (non-renewable)","Gross inland consumption","145.1",""
"2006","Portugal","Terajoule","Waste (non-renewable)","Gross inland consumption","6,075",""
"2006","Romania","Thousand TOE (tonnes of oil equivalent)","Waste (non-renewable)","Gross inland consumption","80.9",""
"2006","Romania","Terajoule","Waste (non-renewable)","Gross inland consumption","3,387",""
"2006","Slovenia","Thousand TOE (tonnes of oil equivalent)","Waste (non-renewable)","Gross inland consumption","16.0",""
"2006","Slovenia","Terajoule","Waste (non-renewable)","Gross inland consumption","668",""
"2006","Slovakia","Thousand TOE (tonnes of oil equivalent)","Waste (non-renewable)","Gross inland consumption","42.3",""
"2006","Slovakia","Terajoule","Waste (non-renewable)","Gross inland consumption","1,770",""
"2006","Finland","Thousand TOE (tonnes of oil equivalent)","Waste (non-renewable)","Gross inland consumption","95.6",""
"2006","Finland","Terajoule","Waste (non-renewable)","Gross inland consumption","4,001",""
"2006","Sweden","Thousand TOE (tonnes of oil equivalent)","Waste (non-renewable)","Gross inland consumption","518.6",""
"2006","Sweden","Terajoule","Waste (non-renewable)","Gross inland consumption","21,713",""
"2006","United Kingdom","Thousand TOE (tonnes of oil equivalent)","Waste (non-renewable)","Gross inland consumption","498.9",""
"2006","United Kingdom","Terajoule","Waste (non-renewable)","Gross inland consumption","20,887",""
"2006","Iceland","Thousand TOE (tonnes of oil equivalent)","Waste (non-renewable)","Gross inland consumption","0.8",""
"2006","Iceland","Terajoule","Waste (non-renewable)","Gross inland consumption","35",""
"2006","Norway","Thousand TOE (tonnes of oil equivalent)","Waste (non-renewable)","Gross inland consumption","104.6",""
"2006","Norway","Terajoule","Waste (non-renewable)","Gross inland consumption","4,381",""
"2006","Montenegro","Thousand TOE (tonnes of oil equivalent)","Waste (non-renewable)","Gross inland consumption","0.0",""
"2006","Montenegro","Terajoule","Waste (non-renewable)","Gross inland consumption","0",""
"2006","Former Yugoslav Republic of Macedonia, the","Thousand TOE (tonnes of oil equivalent)","Waste (non-renewable)","Gross inland consumption","0.0",""
"2006","Former Yugoslav Republic of Macedonia, the","Terajoule","Waste (non-renewable)","Gross inland consumption","0",""
"2006","Albania","Thousand TOE (tonnes of oil equivalent)","Waste (non-renewable)","Gross inland consumption","0.0",""
"2006","Albania","Terajoule","Waste (non-renewable)","Gross inland consumption","0",""
"2006","Serbia","Thousand TOE (tonnes of oil equivalent)","Waste (non-renewable)","Gross inland consumption","4.5",""
"2006","Serbia","Terajoule","Waste (non-renewable)","Gross inland consumption","190",""
"2006","Turkey","Thousand TOE (tonnes of oil equivalent)","Waste (non-renewable)","Gross inland consumption","27.5",""
"2006","Turkey","Terajoule","Waste (non-renewable)","Gross inland consumption","1,152",""
"2006","Kosovo (under United Nations Security Council Resolution 1244/99)","Thousand TOE (tonnes of oil equivalent)","Waste (non-renewable)","Gross inland consumption","0.0",""
"2006","Kosovo (under United Nations Security Council Resolution 1244/99)","Terajoule","Waste (non-renewable)","Gross inland consumption","0",""
"2006","Moldova","Thousand TOE (tonnes of oil equivalent)","Waste (non-renewable)","Gross inland consumption","0.0",""
"2006","Moldova","Terajoule","Waste (non-renewable)","Gross inland consumption","0",""
"2006","Ukraine","Thousand TOE (tonnes of oil equivalent)","Waste (non-renewable)","Gross inland consumption","0.0",""
"2006","Ukraine","Terajoule","Waste (non-renewable)","Gross inland consumption","0",""
"2007","European Union (28 countries)","Thousand TOE (tonnes of oil equivalent)","Waste (non-renewable)","Gross inland consumption","8,870.8",""
"2007","European Union (28 countries)","Terajoule","Waste (non-renewable)","Gross inland consumption","371,401",""
"2007","Euro area (19 countries)","Thousand TOE (tonnes of oil equivalent)","Waste (non-renewable)","Gross inland consumption","6,847.6",""
"2007","Euro area (19 countries)","Terajoule","Waste (non-renewable)","Gross inland consumption","286,697",""
"2007","Belgium","Thousand TOE (tonnes of oil equivalent)","Waste (non-renewable)","Gross inland consumption","623.6",""
"2007","Belgium","Terajoule","Waste (non-renewable)","Gross inland consumption","26,109",""
"2007","Bulgaria","Thousand TOE (tonnes of oil equivalent)","Waste (non-renewable)","Gross inland consumption","67.6",""
"2007","Bulgaria","Terajoule","Waste (non-renewable)","Gross inland consumption","2,829",""
"2007","Czech Republic","Thousand TOE (tonnes of oil equivalent)","Waste (non-renewable)","Gross inland consumption","187.5",""
"2007","Czech Republic","Terajoule","Waste (non-renewable)","Gross inland consumption","7,850",""
"2007","Denmark","Thousand TOE (tonnes of oil equivalent)","Waste (non-renewable)","Gross inland consumption","427.3",""
"2007","Denmark","Terajoule","Waste (non-renewable)","Gross inland consumption","17,889",""
"2007","Germany (until 1990 former territory of the FRG)","Thousand TOE (tonnes of oil equivalent)","Waste (non-renewable)","Gross inland consumption","2,488.4",""
"2007","Germany (until 1990 former territory of the FRG)","Terajoule","Waste (non-renewable)","Gross inland consumption","104,184",""
"2007","Estonia","Thousand TOE (tonnes of oil equivalent)","Waste (non-renewable)","Gross inland consumption","0.0",""
"2007","Estonia","Terajoule","Waste (non-renewable)","Gross inland consumption","0",""
"2007","Ireland","Thousand TOE (tonnes of oil equivalent)","Waste (non-renewable)","Gross inland consumption","0.0",""
"2007","Ireland","Terajoule","Waste (non-renewable)","Gross inland consumption","0",""
"2007","Greece","Thousand TOE (tonnes of oil equivalent)","Waste (non-renewable)","Gross inland consumption","5.6",""
"2007","Greece","Terajoule","Waste (non-renewable)","Gross inland consumption","233",""
"2007","Spain","Thousand TOE (tonnes of oil equivalent)","Waste (non-renewable)","Gross inland consumption","309.2",""
"2007","Spain","Terajoule","Waste (non-renewable)","Gross inland consumption","12,945",""
"2007","France","Thousand TOE (tonnes of oil equivalent)","Waste (non-renewable)","Gross inland consumption","1,046.2",""
"2007","France","Terajoule","Waste (non-renewable)","Gross inland consumption","43,801",""
"2007","Croatia","Thousand TOE (tonnes of oil equivalent)","Waste (non-renewable)","Gross inland consumption","6.4",""
"2007","Croatia","Terajoule","Waste (non-renewable)","Gross inland consumption","269",""
"2007","Italy","Thousand TOE (tonnes of oil equivalent)","Waste (non-renewable)","Gross inland consumption","825.7",""
"2007","Italy","Terajoule","Waste (non-renewable)","Gross inland consumption","34,571",""
"2007","Cyprus","Thousand TOE (tonnes of oil equivalent)","Waste (non-renewable)","Gross inland consumption","6.9",""
"2007","Cyprus","Terajoule","Waste (non-renewable)","Gross inland consumption","288",""
"2007","Latvia","Thousand TOE (tonnes of oil equivalent)","Waste (non-renewable)","Gross inland consumption","5.0",""
"2007","Latvia","Terajoule","Waste (non-renewable)","Gross inland consumption","210",""
"2007","Lithuania","Thousand TOE (tonnes of oil equivalent)","Waste (non-renewable)","Gross inland consumption","0.0",""
"2007","Lithuania","Terajoule","Waste (non-renewable)","Gross inland consumption","0",""
"2007","Luxembourg","Thousand TOE (tonnes of oil equivalent)","Waste (non-renewable)","Gross inland consumption","32.9",""
"2007","Luxembourg","Terajoule","Waste (non-renewable)","Gross inland consumption","1,378",""
"2007","Hungary","Thousand TOE (tonnes of oil equivalent)","Waste (non-renewable)","Gross inland consumption","74.3",""
"2007","Hungary","Terajoule","Waste (non-renewable)","Gross inland consumption","3,110",""
"2007","Malta","Thousand TOE (tonnes of oil equivalent)","Waste (non-renewable)","Gross inland consumption","0.0",""
"2007","Malta","Terajoule","Waste (non-renewable)","Gross inland consumption","0",""
"2007","Netherlands","Thousand TOE (tonnes of oil equivalent)","Waste (non-renewable)","Gross inland consumption","720.5",""
"2007","Netherlands","Terajoule","Waste (non-renewable)","Gross inland consumption","30,165",""
"2007","Austria","Thousand TOE (tonnes of oil equivalent)","Waste (non-renewable)","Gross inland consumption","486.6",""
"2007","Austria","Terajoule","Waste (non-renewable)","Gross inland consumption","20,371",""
"2007","Poland","Thousand TOE (tonnes of oil equivalent)","Waste (non-renewable)","Gross inland consumption","234.6",""
"2007","Poland","Terajoule","Waste (non-renewable)","Gross inland consumption","9,822",""
"2007","Portugal","Thousand TOE (tonnes of oil equivalent)","Waste (non-renewable)","Gross inland consumption","133.4",""
"2007","Portugal","Terajoule","Waste (non-renewable)","Gross inland consumption","5,585",""
"2007","Romania","Thousand TOE (tonnes of oil equivalent)","Waste (non-renewable)","Gross inland consumption","105.8",""
"2007","Romania","Terajoule","Waste (non-renewable)","Gross inland consumption","4,428",""
"2007","Slovenia","Thousand TOE (tonnes of oil equivalent)","Waste (non-renewable)","Gross inland consumption","12.8",""
"2007","Slovenia","Terajoule","Waste (non-renewable)","Gross inland consumption","535",""
"2007","Slovakia","Thousand TOE (tonnes of oil equivalent)","Waste (non-renewable)","Gross inland consumption","52.2",""
"2007","Slovakia","Terajoule","Waste (non-renewable)","Gross inland consumption","2,187",""
"2007","Finland","Thousand TOE (tonnes of oil equivalent)","Waste (non-renewable)","Gross inland consumption","98.8",""
"2007","Finland","Terajoule","Waste (non-renewable)","Gross inland consumption","4,135",""
"2007","Sweden","Thousand TOE (tonnes of oil equivalent)","Waste (non-renewable)","Gross inland consumption","400.5",""
"2007","Sweden","Terajoule","Waste (non-renewable)","Gross inland consumption","16,768",""
"2007","United Kingdom","Thousand TOE (tonnes of oil equivalent)","Waste (non-renewable)","Gross inland consumption","519.2",""
"2007","United Kingdom","Terajoule","Waste (non-renewable)","Gross inland consumption","21,739",""
"2007","Iceland","Thousand TOE (tonnes of oil equivalent)","Waste (non-renewable)","Gross inland consumption","3.0",""
"2007","Iceland","Terajoule","Waste (non-renewable)","Gross inland consumption","126",""
"2007","Norway","Thousand TOE (tonnes of oil equivalent)","Waste (non-renewable)","Gross inland consumption","106.3",""
"2007","Norway","Terajoule","Waste (non-renewable)","Gross inland consumption","4,449",""
"2007","Montenegro","Thousand TOE (tonnes of oil equivalent)","Waste (non-renewable)","Gross inland consumption","0.0",""
"2007","Montenegro","Terajoule","Waste (non-renewable)","Gross inland consumption","0",""
"2007","Former Yugoslav Republic of Macedonia, the","Thousand TOE (tonnes of oil equivalent)","Waste (non-renewable)","Gross inland consumption","0.0",""
"2007","Former Yugoslav Republic of Macedonia, the","Terajoule","Waste (non-renewable)","Gross inland consumption","0",""
"2007","Albania","Thousand TOE (tonnes of oil equivalent)","Waste (non-renewable)","Gross inland consumption","0.0",""
"2007","Albania","Terajoule","Waste (non-renewable)","Gross inland consumption","0",""
"2007","Serbia","Thousand TOE (tonnes of oil equivalent)","Waste (non-renewable)","Gross inland consumption","10.7",""
"2007","Serbia","Terajoule","Waste (non-renewable)","Gross inland consumption","449",""
"2007","Turkey","Thousand TOE (tonnes of oil equivalent)","Waste (non-renewable)","Gross inland consumption","34.1",""
"2007","Turkey","Terajoule","Waste (non-renewable)","Gross inland consumption","1,428",""
"2007","Kosovo (under United Nations Security Council Resolution 1244/99)","Thousand TOE (tonnes of oil equivalent)","Waste (non-renewable)","Gross inland consumption","0.0",""
"2007","Kosovo (under United Nations Security Council Resolution 1244/99)","Terajoule","Waste (non-renewable)","Gross inland consumption","0",""
"2007","Moldova","Thousand TOE (tonnes of oil equivalent)","Waste (non-renewable)","Gross inland consumption","0.0",""
"2007","Moldova","Terajoule","Waste (non-renewable)","Gross inland consumption","0",""
"2007","Ukraine","Thousand TOE (tonnes of oil equivalent)","Waste (non-renewable)","Gross inland consumption","0.0",""
"2007","Ukraine","Terajoule","Waste (non-renewable)","Gross inland consumption","0",""
"2008","European Union (28 countries)","Thousand TOE (tonnes of oil equivalent)","Waste (non-renewable)","Gross inland consumption","9,781.9",""
"2008","European Union (28 countries)","Terajoule","Waste (non-renewable)","Gross inland consumption","409,549",""
"2008","Euro area (19 countries)","Thousand TOE (tonnes of oil equivalent)","Waste (non-renewable)","Gross inland consumption","7,872.4",""
"2008","Euro area (19 countries)","Terajoule","Waste (non-renewable)","Gross inland consumption","329,603",""
"2008","Belgium","Thousand TOE (tonnes of oil equivalent)","Waste (non-renewable)","Gross inland consumption","650.2",""
"2008","Belgium","Terajoule","Waste (non-renewable)","Gross inland consumption","27,223",""
"2008","Bulgaria","Thousand TOE (tonnes of oil equivalent)","Waste (non-renewable)","Gross inland consumption","3.1",""
"2008","Bulgaria","Terajoule","Waste (non-renewable)","Gross inland consumption","129",""
"2008","Czech Republic","Thousand TOE (tonnes of oil equivalent)","Waste (non-renewable)","Gross inland consumption","190.0",""
"2008","Czech Republic","Terajoule","Waste (non-renewable)","Gross inland consumption","7,957",""
"2008","Denmark","Thousand TOE (tonnes of oil equivalent)","Waste (non-renewable)","Gross inland consumption","446.1",""
"2008","Denmark","Terajoule","Waste (non-renewable)","Gross inland consumption","18,679",""
"2008","Germany (until 1990 former territory of the FRG)","Thousand TOE (tonnes of oil equivalent)","Waste (non-renewable)","Gross inland consumption","3,319.7",""
"2008","Germany (until 1990 former territory of the FRG)","Terajoule","Waste (non-renewable)","Gross inland consumption","138,991",""
"2008","Estonia","Thousand TOE (tonnes of oil equivalent)","Waste (non-renewable)","Gross inland consumption","0.0",""
"2008","Estonia","Terajoule","Waste (non-renewable)","Gross inland consumption","0",""
"2008","Ireland","Thousand TOE (tonnes of oil equivalent)","Waste (non-renewable)","Gross inland consumption","0.0",""
"2008","Ireland","Terajoule","Waste (non-renewable)","Gross inland consumption","0",""
"2008","Greece","Thousand TOE (tonnes of oil equivalent)","Waste (non-renewable)","Gross inland consumption","4.0",""
"2008","Greece","Terajoule","Waste (non-renewable)","Gross inland consumption","168",""
"2008","Spain","Thousand TOE (tonnes of oil equivalent)","Waste (non-renewable)","Gross inland consumption","328.1",""
"2008","Spain","Terajoule","Waste (non-renewable)","Gross inland consumption","13,735",""
"2008","France","Thousand TOE (tonnes of oil equivalent)","Waste (non-renewable)","Gross inland consumption","1,082.8",""
"2008","France","Terajoule","Waste (non-renewable)","Gross inland consumption","45,334",""
"2008","Croatia","Thousand TOE (tonnes of oil equivalent)","Waste (non-renewable)","Gross inland consumption","8.5",""
"2008","Croatia","Terajoule","Waste (non-renewable)","Gross inland consumption","356",""
"2008","Italy","Thousand TOE (tonnes of oil equivalent)","Waste (non-renewable)","Gross inland consumption","752.0",""
"2008","Italy","Terajoule","Waste (non-renewable)","Gross inland consumption","31,483",""
"2008","Cyprus","Thousand TOE (tonnes of oil equivalent)","Waste (non-renewable)","Gross inland consumption","5.7",""
"2008","Cyprus","Terajoule","Waste (non-renewable)","Gross inland consumption","239",""
"2008","Latvia","Thousand TOE (tonnes of oil equivalent)","Waste (non-renewable)","Gross inland consumption","5.0",""
"2008","Latvia","Terajoule","Waste (non-renewable)","Gross inland consumption","210",""
"2008","Lithuania","Thousand TOE (tonnes of oil equivalent)","Waste (non-renewable)","Gross inland consumption","0.0",""
"2008","Lithuania","Terajoule","Waste (non-renewable)","Gross inland consumption","0",""
"2008","Luxembourg","Thousand TOE (tonnes of oil equivalent)","Waste (non-renewable)","Gross inland consumption","35.1",""
"2008","Luxembourg","Terajoule","Waste (non-renewable)","Gross inland consumption","1,470",""
"2008","Hungary","Thousand TOE (tonnes of oil equivalent)","Waste (non-renewable)","Gross inland consumption","68.1",""
"2008","Hungary","Terajoule","Waste (non-renewable)","Gross inland consumption","2,850",""
"2008","Malta","Thousand TOE (tonnes of oil equivalent)","Waste (non-renewable)","Gross inland consumption","0.0",""
"2008","Malta","Terajoule","Waste (non-renewable)","Gross inland consumption","0",""
"2008","Netherlands","Thousand TOE (tonnes of oil equivalent)","Waste (non-renewable)","Gross inland consumption","759.4",""
"2008","Netherlands","Terajoule","Waste (non-renewable)","Gross inland consumption","31,796",""
"2008","Austria","Thousand TOE (tonnes of oil equivalent)","Waste (non-renewable)","Gross inland consumption","616.7",""
"2008","Austria","Terajoule","Waste (non-renewable)","Gross inland consumption","25,818",""
"2008","Poland","Thousand TOE (tonnes of oil equivalent)","Waste (non-renewable)","Gross inland consumption","240.5",""
"2008","Poland","Terajoule","Waste (non-renewable)","Gross inland consumption","10,071",""
"2008","Portugal","Thousand TOE (tonnes of oil equivalent)","Waste (non-renewable)","Gross inland consumption","132.8",""
"2008","Portugal","Terajoule","Waste (non-renewable)","Gross inland consumption","5,561",""
"2008","Romania","Thousand TOE (tonnes of oil equivalent)","Waste (non-renewable)","Gross inland consumption","74.8",""
"2008","Romania","Terajoule","Waste (non-renewable)","Gross inland consumption","3,133",""
"2008","Slovenia","Thousand TOE (tonnes of oil equivalent)","Waste (non-renewable)","Gross inland consumption","14.5",""
"2008","Slovenia","Terajoule","Waste (non-renewable)","Gross inland consumption","608",""
"2008","Slovakia","Thousand TOE (tonnes of oil equivalent)","Waste (non-renewable)","Gross inland consumption","50.0",""
"2008","Slovakia","Terajoule","Waste (non-renewable)","Gross inland consumption","2,094",""
"2008","Finland","Thousand TOE (tonnes of oil equivalent)","Waste (non-renewable)","Gross inland consumption","116.4",""
"2008","Finland","Terajoule","Waste (non-renewable)","Gross inland consumption","4,873",""
"2008","Sweden","Thousand TOE (tonnes of oil equivalent)","Waste (non-renewable)","Gross inland consumption","434.5",""
"2008","Sweden","Terajoule","Waste (non-renewable)","Gross inland consumption","18,190",""
"2008","United Kingdom","Thousand TOE (tonnes of oil equivalent)","Waste (non-renewable)","Gross inland consumption","443.8",""
"2008","United Kingdom","Terajoule","Waste (non-renewable)","Gross inland consumption","18,581",""
"2008","Iceland","Thousand TOE (tonnes of oil equivalent)","Waste (non-renewable)","Gross inland consumption","1.8",""
"2008","Iceland","Terajoule","Waste (non-renewable)","Gross inland consumption","77",""
"2008","Norway","Thousand TOE (tonnes of oil equivalent)","Waste (non-renewable)","Gross inland consumption","114.3",""
"2008","Norway","Terajoule","Waste (non-renewable)","Gross inland consumption","4,787",""
"2008","Montenegro","Thousand TOE (tonnes of oil equivalent)","Waste (non-renewable)","Gross inland consumption","0.0",""
"2008","Montenegro","Terajoule","Waste (non-renewable)","Gross inland consumption","0",""
"2008","Former Yugoslav Republic of Macedonia, the","Thousand TOE (tonnes of oil equivalent)","Waste (non-renewable)","Gross inland consumption","0.0",""
"2008","Former Yugoslav Republic of Macedonia, the","Terajoule","Waste (non-renewable)","Gross inland consumption","0",""
"2008","Albania","Thousand TOE (tonnes of oil equivalent)","Waste (non-renewable)","Gross inland consumption","0.0",""
"2008","Albania","Terajoule","Waste (non-renewable)","Gross inland consumption","0",""
"2008","Serbia","Thousand TOE (tonnes of oil equivalent)","Waste (non-renewable)","Gross inland consumption","0.1",""
"2008","Serbia","Terajoule","Waste (non-renewable)","Gross inland consumption","6",""
"2008","Turkey","Thousand TOE (tonnes of oil equivalent)","Waste (non-renewable)","Gross inland consumption","22.1",""
"2008","Turkey","Terajoule","Waste (non-renewable)","Gross inland consumption","924",""
"2008","Kosovo (under United Nations Security Council Resolution 1244/99)","Thousand TOE (tonnes of oil equivalent)","Waste (non-renewable)","Gross inland consumption","0.0",""
"2008","Kosovo (under United Nations Security Council Resolution 1244/99)","Terajoule","Waste (non-renewable)","Gross inland consumption","0",""
"2008","Moldova","Thousand TOE (tonnes of oil equivalent)","Waste (non-renewable)","Gross inland consumption","0.0",""
"2008","Moldova","Terajoule","Waste (non-renewable)","Gross inland consumption","0",""
"2008","Ukraine","Thousand TOE (tonnes of oil equivalent)","Waste (non-renewable)","Gross inland consumption","0.0",""
"2008","Ukraine","Terajoule","Waste (non-renewable)","Gross inland consumption","0",""
"2009","European Union (28 countries)","Thousand TOE (tonnes of oil equivalent)","Waste (non-renewable)","Gross inland consumption","10,476.8",""
"2009","European Union (28 countries)","Terajoule","Waste (non-renewable)","Gross inland consumption","438,642",""
"2009","Euro area (19 countries)","Thousand TOE (tonnes of oil equivalent)","Waste (non-renewable)","Gross inland consumption","8,477.1",""
"2009","Euro area (19 countries)","Terajoule","Waste (non-renewable)","Gross inland consumption","354,919",""
"2009","Belgium","Thousand TOE (tonnes of oil equivalent)","Waste (non-renewable)","Gross inland consumption","712.3",""
"2009","Belgium","Terajoule","Waste (non-renewable)","Gross inland consumption","29,821",""
"2009","Bulgaria","Thousand TOE (tonnes of oil equivalent)","Waste (non-renewable)","Gross inland consumption","5.8",""
"2009","Bulgaria","Terajoule","Waste (non-renewable)","Gross inland consumption","244",""
"2009","Czech Republic","Thousand TOE (tonnes of oil equivalent)","Waste (non-renewable)","Gross inland consumption","196.6",""
"2009","Czech Republic","Terajoule","Waste (non-renewable)","Gross inland consumption","8,232",""
"2009","Denmark","Thousand TOE (tonnes of oil equivalent)","Waste (non-renewable)","Gross inland consumption","422.9",""
"2009","Denmark","Terajoule","Waste (non-renewable)","Gross inland consumption","17,705",""
"2009","Germany (until 1990 former territory of the FRG)","Thousand TOE (tonnes of oil equivalent)","Waste (non-renewable)","Gross inland consumption","3,609.5",""
"2009","Germany (until 1990 former territory of the FRG)","Terajoule","Waste (non-renewable)","Gross inland consumption","151,123",""
"2009","Estonia","Thousand TOE (tonnes of oil equivalent)","Waste (non-renewable)","Gross inland consumption","0.0",""
"2009","Estonia","Terajoule","Waste (non-renewable)","Gross inland consumption","0",""
"2009","Ireland","Thousand TOE (tonnes of oil equivalent)","Waste (non-renewable)","Gross inland consumption","12.9",""
"2009","Ireland","Terajoule","Waste (non-renewable)","Gross inland consumption","541",""
"2009","Greece","Thousand TOE (tonnes of oil equivalent)","Waste (non-renewable)","Gross inland consumption","4.0",""
"2009","Greece","Terajoule","Waste (non-renewable)","Gross inland consumption","169",""
"2009","Spain","Thousand TOE (tonnes of oil equivalent)","Waste (non-renewable)","Gross inland consumption","319.2",""
"2009","Spain","Terajoule","Waste (non-renewable)","Gross inland consumption","13,364",""
"2009","France","Thousand TOE (tonnes of oil equivalent)","Waste (non-renewable)","Gross inland consumption","1,163.6",""
"2009","France","Terajoule","Waste (non-renewable)","Gross inland consumption","48,719",""
"2009","Croatia","Thousand TOE (tonnes of oil equivalent)","Waste (non-renewable)","Gross inland consumption","8.9",""
"2009","Croatia","Terajoule","Waste (non-renewable)","Gross inland consumption","373",""
"2009","Italy","Thousand TOE (tonnes of oil equivalent)","Waste (non-renewable)","Gross inland consumption","802.4",""
"2009","Italy","Terajoule","Waste (non-renewable)","Gross inland consumption","33,594",""
"2009","Cyprus","Thousand TOE (tonnes of oil equivalent)","Waste (non-renewable)","Gross inland consumption","6.6",""
"2009","Cyprus","Terajoule","Waste (non-renewable)","Gross inland consumption","276",""
"2009","Latvia","Thousand TOE (tonnes of oil equivalent)","Waste (non-renewable)","Gross inland consumption","2.1",""
"2009","Latvia","Terajoule","Waste (non-renewable)","Gross inland consumption","88",""
"2009","Lithuania","Thousand TOE (tonnes of oil equivalent)","Waste (non-renewable)","Gross inland consumption","0.0",""
"2009","Lithuania","Terajoule","Waste (non-renewable)","Gross inland consumption","0",""
"2009","Luxembourg","Thousand TOE (tonnes of oil equivalent)","Waste (non-renewable)","Gross inland consumption","28.1",""
"2009","Luxembourg","Terajoule","Waste (non-renewable)","Gross inland consumption","1,177",""
"2009","Hungary","Thousand TOE (tonnes of oil equivalent)","Waste (non-renewable)","Gross inland consumption","73.6",""
"2009","Hungary","Terajoule","Waste (non-renewable)","Gross inland consumption","3,080",""
"2009","Malta","Thousand TOE (tonnes of oil equivalent)","Waste (non-renewable)","Gross inland consumption","0.0",""
"2009","Malta","Terajoule","Waste (non-renewable)","Gross inland consumption","0",""
"2009","Netherlands","Thousand TOE (tonnes of oil equivalent)","Waste (non-renewable)","Gross inland consumption","744.4",""
"2009","Netherlands","Terajoule","Waste (non-renewable)","Gross inland consumption","31,168",""
"2009","Austria","Thousand TOE (tonnes of oil equivalent)","Waste (non-renewable)","Gross inland consumption","719.0",""
"2009","Austria","Terajoule","Waste (non-renewable)","Gross inland consumption","30,104",""
"2009","Poland","Thousand TOE (tonnes of oil equivalent)","Waste (non-renewable)","Gross inland consumption","356.2",""
"2009","Poland","Terajoule","Waste (non-renewable)","Gross inland consumption","14,915",""
"2009","Portugal","Thousand TOE (tonnes of oil equivalent)","Waste (non-renewable)","Gross inland consumption","139.7",""
"2009","Portugal","Terajoule","Waste (non-renewable)","Gross inland consumption","5,848",""
"2009","Romania","Thousand TOE (tonnes of oil equivalent)","Waste (non-renewable)","Gross inland consumption","21.1",""
"2009","Romania","Terajoule","Waste (non-renewable)","Gross inland consumption","884",""
"2009","Slovenia","Thousand TOE (tonnes of oil equivalent)","Waste (non-renewable)","Gross inland consumption","19.8",""
"2009","Slovenia","Terajoule","Waste (non-renewable)","Gross inland consumption","828",""
"2009","Slovakia","Thousand TOE (tonnes of oil equivalent)","Waste (non-renewable)","Gross inland consumption","48.8",""
"2009","Slovakia","Terajoule","Waste (non-renewable)","Gross inland consumption","2,043",""
"2009","Finland","Thousand TOE (tonnes of oil equivalent)","Waste (non-renewable)","Gross inland consumption","144.6",""
"2009","Finland","Terajoule","Waste (non-renewable)","Gross inland consumption","6,056",""
"2009","Sweden","Thousand TOE (tonnes of oil equivalent)","Waste (non-renewable)","Gross inland consumption","450.6",""
"2009","Sweden","Terajoule","Waste (non-renewable)","Gross inland consumption","18,865",""
"2009","United Kingdom","Thousand TOE (tonnes of oil equivalent)","Waste (non-renewable)","Gross inland consumption","464.0",""
"2009","United Kingdom","Terajoule","Waste (non-renewable)","Gross inland consumption","19,425",""
"2009","Iceland","Thousand TOE (tonnes of oil equivalent)","Waste (non-renewable)","Gross inland consumption","0.5",""
"2009","Iceland","Terajoule","Waste (non-renewable)","Gross inland consumption","20",""
"2009","Norway","Thousand TOE (tonnes of oil equivalent)","Waste (non-renewable)","Gross inland consumption","117.6",""
"2009","Norway","Terajoule","Waste (non-renewable)","Gross inland consumption","4,924",""
"2009","Montenegro","Thousand TOE (tonnes of oil equivalent)","Waste (non-renewable)","Gross inland consumption","0.0",""
"2009","Montenegro","Terajoule","Waste (non-renewable)","Gross inland consumption","0",""
"2009","Former Yugoslav Republic of Macedonia, the","Thousand TOE (tonnes of oil equivalent)","Waste (non-renewable)","Gross inland consumption","0.0",""
"2009","Former Yugoslav Republic of Macedonia, the","Terajoule","Waste (non-renewable)","Gross inland consumption","0",""
"2009","Albania","Thousand TOE (tonnes of oil equivalent)","Waste (non-renewable)","Gross inland consumption","0.0",""
"2009","Albania","Terajoule","Waste (non-renewable)","Gross inland consumption","0",""
"2009","Serbia","Thousand TOE (tonnes of oil equivalent)","Waste (non-renewable)","Gross inland consumption","2.2",""
"2009","Serbia","Terajoule","Waste (non-renewable)","Gross inland consumption","93",""
"2009","Turkey","Thousand TOE (tonnes of oil equivalent)","Waste (non-renewable)","Gross inland consumption","25.2",""
"2009","Turkey","Terajoule","Waste (non-renewable)","Gross inland consumption","1,056",""
"2009","Kosovo (under United Nations Security Council Resolution 1244/99)","Thousand TOE (tonnes of oil equivalent)","Waste (non-renewable)","Gross inland consumption","0.0",""
"2009","Kosovo (under United Nations Security Council Resolution 1244/99)","Terajoule","Waste (non-renewable)","Gross inland consumption","0",""
"2009","Moldova","Thousand TOE (tonnes of oil equivalent)","Waste (non-renewable)","Gross inland consumption","0.0",""
"2009","Moldova","Terajoule","Waste (non-renewable)","Gross inland consumption","0",""
"2009","Ukraine","Thousand TOE (tonnes of oil equivalent)","Waste (non-renewable)","Gross inland consumption","0.0",""
"2009","Ukraine","Terajoule","Waste (non-renewable)","Gross inland consumption","0",""
"2010","European Union (28 countries)","Thousand TOE (tonnes of oil equivalent)","Waste (non-renewable)","Gross inland consumption","11,004.9",""
"2010","European Union (28 countries)","Terajoule","Waste (non-renewable)","Gross inland consumption","460,755",""
"2010","Euro area (19 countries)","Thousand TOE (tonnes of oil equivalent)","Waste (non-renewable)","Gross inland consumption","8,959.1",""
"2010","Euro area (19 countries)","Terajoule","Waste (non-renewable)","Gross inland consumption","375,101",""
"2010","Belgium","Thousand TOE (tonnes of oil equivalent)","Waste (non-renewable)","Gross inland consumption","738.2",""
"2010","Belgium","Terajoule","Waste (non-renewable)","Gross inland consumption","30,907",""
"2010","Bulgaria","Thousand TOE (tonnes of oil equivalent)","Waste (non-renewable)","Gross inland consumption","8.4",""
"2010","Bulgaria","Terajoule","Waste (non-renewable)","Gross inland consumption","352",""
"2010","Czech Republic","Thousand TOE (tonnes of oil equivalent)","Waste (non-renewable)","Gross inland consumption","200.5",""
"2010","Czech Republic","Terajoule","Waste (non-renewable)","Gross inland consumption","8,394",""
"2010","Denmark","Thousand TOE (tonnes of oil equivalent)","Waste (non-renewable)","Gross inland consumption","406.2",""
"2010","Denmark","Terajoule","Waste (non-renewable)","Gross inland consumption","17,008",""
"2010","Germany (until 1990 former territory of the FRG)","Thousand TOE (tonnes of oil equivalent)","Waste (non-renewable)","Gross inland consumption","3,906.1",""
"2010","Germany (until 1990 former territory of the FRG)","Terajoule","Waste (non-renewable)","Gross inland consumption","163,542",""
"2010","Estonia","Thousand TOE (tonnes of oil equivalent)","Waste (non-renewable)","Gross inland consumption","0.0",""
"2010","Estonia","Terajoule","Waste (non-renewable)","Gross inland consumption","0",""
"2010","Ireland","Thousand TOE (tonnes of oil equivalent)","Waste (non-renewable)","Gross inland consumption","8.6",""
"2010","Ireland","Terajoule","Waste (non-renewable)","Gross inland consumption","358",""
"2010","Greece","Thousand TOE (tonnes of oil equivalent)","Waste (non-renewable)","Gross inland consumption","32.0",""
"2010","Greece","Terajoule","Waste (non-renewable)","Gross inland consumption","1,341",""
"2010","Spain","Thousand TOE (tonnes of oil equivalent)","Waste (non-renewable)","Gross inland consumption","174.2",""
"2010","Spain","Terajoule","Waste (non-renewable)","Gross inland consumption","7,293",""
"2010","France","Thousand TOE (tonnes of oil equivalent)","Waste (non-renewable)","Gross inland consumption","1,200.5",""
"2010","France","Terajoule","Waste (non-renewable)","Gross inland consumption","50,263",""
"2010","Croatia","Thousand TOE (tonnes of oil equivalent)","Waste (non-renewable)","Gross inland consumption","7.6",""
"2010","Croatia","Terajoule","Waste (non-renewable)","Gross inland consumption","319",""
"2010","Italy","Thousand TOE (tonnes of oil equivalent)","Waste (non-renewable)","Gross inland consumption","1,041.1",""
"2010","Italy","Terajoule","Waste (non-renewable)","Gross inland consumption","43,587",""
"2010","Cyprus","Thousand TOE (tonnes of oil equivalent)","Waste (non-renewable)","Gross inland consumption","7.1",""
"2010","Cyprus","Terajoule","Waste (non-renewable)","Gross inland consumption","299",""
"2010","Latvia","Thousand TOE (tonnes of oil equivalent)","Waste (non-renewable)","Gross inland consumption","28.2",""
"2010","Latvia","Terajoule","Waste (non-renewable)","Gross inland consumption","1,181",""
"2010","Lithuania","Thousand TOE (tonnes of oil equivalent)","Waste (non-renewable)","Gross inland consumption","0.0",""
"2010","Lithuania","Terajoule","Waste (non-renewable)","Gross inland consumption","0",""
"2010","Luxembourg","Thousand TOE (tonnes of oil equivalent)","Waste (non-renewable)","Gross inland consumption","30.8",""
"2010","Luxembourg","Terajoule","Waste (non-renewable)","Gross inland consumption","1,289",""
"2010","Hungary","Thousand TOE (tonnes of oil equivalent)","Waste (non-renewable)","Gross inland consumption","87.8",""
"2010","Hungary","Terajoule","Waste (non-renewable)","Gross inland consumption","3,678",""
"2010","Malta","Thousand TOE (tonnes of oil equivalent)","Waste (non-renewable)","Gross inland consumption","0.0",""
"2010","Malta","Terajoule","Waste (non-renewable)","Gross inland consumption","0",""
"2010","Netherlands","Thousand TOE (tonnes of oil equivalent)","Waste (non-renewable)","Gross inland consumption","724.5",""
"2010","Netherlands","Terajoule","Waste (non-renewable)","Gross inland consumption","30,335",""
"2010","Austria","Thousand TOE (tonnes of oil equivalent)","Waste (non-renewable)","Gross inland consumption","704.5",""
"2010","Austria","Terajoule","Waste (non-renewable)","Gross inland consumption","29,494",""
"2010","Poland","Thousand TOE (tonnes of oil equivalent)","Waste (non-renewable)","Gross inland consumption","397.5",""
"2010","Poland","Terajoule","Waste (non-renewable)","Gross inland consumption","16,644",""
"2010","Portugal","Thousand TOE (tonnes of oil equivalent)","Waste (non-renewable)","Gross inland consumption","158.7",""
"2010","Portugal","Terajoule","Waste (non-renewable)","Gross inland consumption","6,644",""
"2010","Romania","Thousand TOE (tonnes of oil equivalent)","Waste (non-renewable)","Gross inland consumption","30.5",""
"2010","Romania","Terajoule","Waste (non-renewable)","Gross inland consumption","1,276",""
"2010","Slovenia","Thousand TOE (tonnes of oil equivalent)","Waste (non-renewable)","Gross inland consumption","23.3",""
"2010","Slovenia","Terajoule","Waste (non-renewable)","Gross inland consumption","975",""
"2010","Slovakia","Thousand TOE (tonnes of oil equivalent)","Waste (non-renewable)","Gross inland consumption","35.2",""
"2010","Slovakia","Terajoule","Waste (non-renewable)","Gross inland consumption","1,474",""
"2010","Finland","Thousand TOE (tonnes of oil equivalent)","Waste (non-renewable)","Gross inland consumption","146.1",""
"2010","Finland","Terajoule","Waste (non-renewable)","Gross inland consumption","6,119",""
"2010","Sweden","Thousand TOE (tonnes of oil equivalent)","Waste (non-renewable)","Gross inland consumption","515.1",""
"2010","Sweden","Terajoule","Waste (non-renewable)","Gross inland consumption","21,568",""
"2010","United Kingdom","Thousand TOE (tonnes of oil equivalent)","Waste (non-renewable)","Gross inland consumption","392.1",""
"2010","United Kingdom","Terajoule","Waste (non-renewable)","Gross inland consumption","16,415",""
"2010","Iceland","Thousand TOE (tonnes of oil equivalent)","Waste (non-renewable)","Gross inland consumption","0.4",""
"2010","Iceland","Terajoule","Waste (non-renewable)","Gross inland consumption","18",""
"2010","Norway","Thousand TOE (tonnes of oil equivalent)","Waste (non-renewable)","Gross inland consumption","142.4",""
"2010","Norway","Terajoule","Waste (non-renewable)","Gross inland consumption","5,960",""
"2010","Montenegro","Thousand TOE (tonnes of oil equivalent)","Waste (non-renewable)","Gross inland consumption","0.0",""
"2010","Montenegro","Terajoule","Waste (non-renewable)","Gross inland consumption","0",""
"2010","Former Yugoslav Republic of Macedonia, the","Thousand TOE (tonnes of oil equivalent)","Waste (non-renewable)","Gross inland consumption","0.0",""
"2010","Former Yugoslav Republic of Macedonia, the","Terajoule","Waste (non-renewable)","Gross inland consumption","0",""
"2010","Albania","Thousand TOE (tonnes of oil equivalent)","Waste (non-renewable)","Gross inland consumption","0.0",""
"2010","Albania","Terajoule","Waste (non-renewable)","Gross inland consumption","0",""
"2010","Serbia","Thousand TOE (tonnes of oil equivalent)","Waste (non-renewable)","Gross inland consumption","9.3",""
"2010","Serbia","Terajoule","Waste (non-renewable)","Gross inland consumption","388",""
"2010","Turkey","Thousand TOE (tonnes of oil equivalent)","Waste (non-renewable)","Gross inland consumption","35.7",""
"2010","Turkey","Terajoule","Waste (non-renewable)","Gross inland consumption","1,496",""
"2010","Kosovo (under United Nations Security Council Resolution 1244/99)","Thousand TOE (tonnes of oil equivalent)","Waste (non-renewable)","Gross inland consumption","0.0",""
"2010","Kosovo (under United Nations Security Council Resolution 1244/99)","Terajoule","Waste (non-renewable)","Gross inland consumption","0",""
"2010","Moldova","Thousand TOE (tonnes of oil equivalent)","Waste (non-renewable)","Gross inland consumption","0.0",""
"2010","Moldova","Terajoule","Waste (non-renewable)","Gross inland consumption","0",""
"2010","Ukraine","Thousand TOE (tonnes of oil equivalent)","Waste (non-renewable)","Gross inland consumption","0.0",""
"2010","Ukraine","Terajoule","Waste (non-renewable)","Gross inland consumption","0",""
"2011","European Union (28 countries)","Thousand TOE (tonnes of oil equivalent)","Waste (non-renewable)","Gross inland consumption","11,540.7",""
"2011","European Union (28 countries)","Terajoule","Waste (non-renewable)","Gross inland consumption","483,188",""
"2011","Euro area (19 countries)","Thousand TOE (tonnes of oil equivalent)","Waste (non-renewable)","Gross inland consumption","9,136.0",""
"2011","Euro area (19 countries)","Terajoule","Waste (non-renewable)","Gross inland consumption","382,507",""
"2011","Belgium","Thousand TOE (tonnes of oil equivalent)","Waste (non-renewable)","Gross inland consumption","750.4",""
"2011","Belgium","Terajoule","Waste (non-renewable)","Gross inland consumption","31,417",""
"2011","Bulgaria","Thousand TOE (tonnes of oil equivalent)","Waste (non-renewable)","Gross inland consumption","8.2",""
"2011","Bulgaria","Terajoule","Waste (non-renewable)","Gross inland consumption","345",""
"2011","Czech Republic","Thousand TOE (tonnes of oil equivalent)","Waste (non-renewable)","Gross inland consumption","219.5",""
"2011","Czech Republic","Terajoule","Waste (non-renewable)","Gross inland consumption","9,190",""
"2011","Denmark","Thousand TOE (tonnes of oil equivalent)","Waste (non-renewable)","Gross inland consumption","413.0",""
"2011","Denmark","Terajoule","Waste (non-renewable)","Gross inland consumption","17,292",""
"2011","Germany (until 1990 former territory of the FRG)","Thousand TOE (tonnes of oil equivalent)","Waste (non-renewable)","Gross inland consumption","3,873.9",""
"2011","Germany (until 1990 former territory of the FRG)","Terajoule","Waste (non-renewable)","Gross inland consumption","162,191",""
"2011","Estonia","Thousand TOE (tonnes of oil equivalent)","Waste (non-renewable)","Gross inland consumption","0.0",""
"2011","Estonia","Terajoule","Waste (non-renewable)","Gross inland consumption","0",""
"2011","Ireland","Thousand TOE (tonnes of oil equivalent)","Waste (non-renewable)","Gross inland consumption","14.2",""
"2011","Ireland","Terajoule","Waste (non-renewable)","Gross inland consumption","594",""
"2011","Greece","Thousand TOE (tonnes of oil equivalent)","Waste (non-renewable)","Gross inland consumption","28.1",""
"2011","Greece","Terajoule","Waste (non-renewable)","Gross inland consumption","1,175",""
"2011","Spain","Thousand TOE (tonnes of oil equivalent)","Waste (non-renewable)","Gross inland consumption","195.0",""
"2011","Spain","Terajoule","Waste (non-renewable)","Gross inland consumption","8,166",""
"2011","France","Thousand TOE (tonnes of oil equivalent)","Waste (non-renewable)","Gross inland consumption","1,134.0",""
"2011","France","Terajoule","Waste (non-renewable)","Gross inland consumption","47,480",""
"2011","Croatia","Thousand TOE (tonnes of oil equivalent)","Waste (non-renewable)","Gross inland consumption","4.3",""
"2011","Croatia","Terajoule","Waste (non-renewable)","Gross inland consumption","179",""
"2011","Italy","Thousand TOE (tonnes of oil equivalent)","Waste (non-renewable)","Gross inland consumption","1,135.1",""
"2011","Italy","Terajoule","Waste (non-renewable)","Gross inland consumption","47,526",""
"2011","Cyprus","Thousand TOE (tonnes of oil equivalent)","Waste (non-renewable)","Gross inland consumption","0.1",""
"2011","Cyprus","Terajoule","Waste (non-renewable)","Gross inland consumption","4",""
"2011","Latvia","Thousand TOE (tonnes of oil equivalent)","Waste (non-renewable)","Gross inland consumption","53.5",""
"2011","Latvia","Terajoule","Waste (non-renewable)","Gross inland consumption","2,239",""
"2011","Lithuania","Thousand TOE (tonnes of oil equivalent)","Waste (non-renewable)","Gross inland consumption","0.0",""
"2011","Lithuania","Terajoule","Waste (non-renewable)","Gross inland consumption","0",""
"2011","Luxembourg","Thousand TOE (tonnes of oil equivalent)","Waste (non-renewable)","Gross inland consumption","32.0",""
"2011","Luxembourg","Terajoule","Waste (non-renewable)","Gross inland consumption","1,338",""
"2011","Hungary","Thousand TOE (tonnes of oil equivalent)","Waste (non-renewable)","Gross inland consumption","100.4",""
"2011","Hungary","Terajoule","Waste (non-renewable)","Gross inland consumption","4,202",""
"2011","Malta","Thousand TOE (tonnes of oil equivalent)","Waste (non-renewable)","Gross inland consumption","0.0",""
"2011","Malta","Terajoule","Waste (non-renewable)","Gross inland consumption","0",""
"2011","Netherlands","Thousand TOE (tonnes of oil equivalent)","Waste (non-renewable)","Gross inland consumption","760.2",""
"2011","Netherlands","Terajoule","Waste (non-renewable)","Gross inland consumption","31,826",""
"2011","Austria","Thousand TOE (tonnes of oil equivalent)","Waste (non-renewable)","Gross inland consumption","766.1",""
"2011","Austria","Terajoule","Waste (non-renewable)","Gross inland consumption","32,077",""
"2011","Poland","Thousand TOE (tonnes of oil equivalent)","Waste (non-renewable)","Gross inland consumption","440.6",""
"2011","Poland","Terajoule","Waste (non-renewable)","Gross inland consumption","18,447",""
"2011","Portugal","Thousand TOE (tonnes of oil equivalent)","Waste (non-renewable)","Gross inland consumption","180.1",""
"2011","Portugal","Terajoule","Waste (non-renewable)","Gross inland consumption","7,540",""
"2011","Romania","Thousand TOE (tonnes of oil equivalent)","Waste (non-renewable)","Gross inland consumption","28.7",""
"2011","Romania","Terajoule","Waste (non-renewable)","Gross inland consumption","1,203",""
"2011","Slovenia","Thousand TOE (tonnes of oil equivalent)","Waste (non-renewable)","Gross inland consumption","29.3",""
"2011","Slovenia","Terajoule","Waste (non-renewable)","Gross inland consumption","1,228",""
"2011","Slovakia","Thousand TOE (tonnes of oil equivalent)","Waste (non-renewable)","Gross inland consumption","39.6",""
"2011","Slovakia","Terajoule","Waste (non-renewable)","Gross inland consumption","1,656",""
"2011","Finland","Thousand TOE (tonnes of oil equivalent)","Waste (non-renewable)","Gross inland consumption","144.5",""
"2011","Finland","Terajoule","Waste (non-renewable)","Gross inland consumption","6,050",""
"2011","Sweden","Thousand TOE (tonnes of oil equivalent)","Waste (non-renewable)","Gross inland consumption","513.5",""
"2011","Sweden","Terajoule","Waste (non-renewable)","Gross inland consumption","21,498",""
"2011","United Kingdom","Thousand TOE (tonnes of oil equivalent)","Waste (non-renewable)","Gross inland consumption","676.5",""
"2011","United Kingdom","Terajoule","Waste (non-renewable)","Gross inland consumption","28,325",""
"2011","Iceland","Thousand TOE (tonnes of oil equivalent)","Waste (non-renewable)","Gross inland consumption","0.0",""
"2011","Iceland","Terajoule","Waste (non-renewable)","Gross inland consumption","0",""
"2011","Norway","Thousand TOE (tonnes of oil equivalent)","Waste (non-renewable)","Gross inland consumption","173.9",""
"2011","Norway","Terajoule","Waste (non-renewable)","Gross inland consumption","7,279",""
"2011","Montenegro","Thousand TOE (tonnes of oil equivalent)","Waste (non-renewable)","Gross inland consumption","0.0",""
"2011","Montenegro","Terajoule","Waste (non-renewable)","Gross inland consumption","0",""
"2011","Former Yugoslav Republic of Macedonia, the","Thousand TOE (tonnes of oil equivalent)","Waste (non-renewable)","Gross inland consumption","0.0",""
"2011","Former Yugoslav Republic of Macedonia, the","Terajoule","Waste (non-renewable)","Gross inland consumption","0",""
"2011","Albania","Thousand TOE (tonnes of oil equivalent)","Waste (non-renewable)","Gross inland consumption","0.0",""
"2011","Albania","Terajoule","Waste (non-renewable)","Gross inland consumption","0",""
"2011","Serbia","Thousand TOE (tonnes of oil equivalent)","Waste (non-renewable)","Gross inland consumption","6.9",""
"2011","Serbia","Terajoule","Waste (non-renewable)","Gross inland consumption","288",""
"2011","Turkey","Thousand TOE (tonnes of oil equivalent)","Waste (non-renewable)","Gross inland consumption","35.8",""
"2011","Turkey","Terajoule","Waste (non-renewable)","Gross inland consumption","1,499",""
"2011","Kosovo (under United Nations Security Council Resolution 1244/99)","Thousand TOE (tonnes of oil equivalent)","Waste (non-renewable)","Gross inland consumption","0.0",""
"2011","Kosovo (under United Nations Security Council Resolution 1244/99)","Terajoule","Waste (non-renewable)","Gross inland consumption","0",""
"2011","Moldova","Thousand TOE (tonnes of oil equivalent)","Waste (non-renewable)","Gross inland consumption","0.0",""
"2011","Moldova","Terajoule","Waste (non-renewable)","Gross inland consumption","0",""
"2011","Ukraine","Thousand TOE (tonnes of oil equivalent)","Waste (non-renewable)","Gross inland consumption","0.0",""
"2011","Ukraine","Terajoule","Waste (non-renewable)","Gross inland consumption","0",""
"2012","European Union (28 countries)","Thousand TOE (tonnes of oil equivalent)","Waste (non-renewable)","Gross inland consumption","11,764.6",""
"2012","European Union (28 countries)","Terajoule","Waste (non-renewable)","Gross inland consumption","492,559",""
"2012","Euro area (19 countries)","Thousand TOE (tonnes of oil equivalent)","Waste (non-renewable)","Gross inland consumption","9,293.9",""
"2012","Euro area (19 countries)","Terajoule","Waste (non-renewable)","Gross inland consumption","389,119",""
"2012","Belgium","Thousand TOE (tonnes of oil equivalent)","Waste (non-renewable)","Gross inland consumption","712.3",""
"2012","Belgium","Terajoule","Waste (non-renewable)","Gross inland consumption","29,822",""
"2012","Bulgaria","Thousand TOE (tonnes of oil equivalent)","Waste (non-renewable)","Gross inland consumption","6.6",""
"2012","Bulgaria","Terajoule","Waste (non-renewable)","Gross inland consumption","276",""
"2012","Czech Republic","Thousand TOE (tonnes of oil equivalent)","Waste (non-renewable)","Gross inland consumption","224.7",""
"2012","Czech Republic","Terajoule","Waste (non-renewable)","Gross inland consumption","9,409",""
"2012","Denmark","Thousand TOE (tonnes of oil equivalent)","Waste (non-renewable)","Gross inland consumption","401.4",""
"2012","Denmark","Terajoule","Waste (non-renewable)","Gross inland consumption","16,805",""
"2012","Germany (until 1990 former territory of the FRG)","Thousand TOE (tonnes of oil equivalent)","Waste (non-renewable)","Gross inland consumption","4,015.9",""
"2012","Germany (until 1990 former territory of the FRG)","Terajoule","Waste (non-renewable)","Gross inland consumption","168,137",""
"2012","Estonia","Thousand TOE (tonnes of oil equivalent)","Waste (non-renewable)","Gross inland consumption","0.0",""
"2012","Estonia","Terajoule","Waste (non-renewable)","Gross inland consumption","0",""
"2012","Ireland","Thousand TOE (tonnes of oil equivalent)","Waste (non-renewable)","Gross inland consumption","43.8",""
"2012","Ireland","Terajoule","Waste (non-renewable)","Gross inland consumption","1,835",""
"2012","Greece","Thousand TOE (tonnes of oil equivalent)","Waste (non-renewable)","Gross inland consumption","14.9",""
"2012","Greece","Terajoule","Waste (non-renewable)","Gross inland consumption","625",""
"2012","Spain","Thousand TOE (tonnes of oil equivalent)","Waste (non-renewable)","Gross inland consumption","175.7",""
"2012","Spain","Terajoule","Waste (non-renewable)","Gross inland consumption","7,355",""
"2012","France","Thousand TOE (tonnes of oil equivalent)","Waste (non-renewable)","Gross inland consumption","1,253.1",""
"2012","France","Terajoule","Waste (non-renewable)","Gross inland consumption","52,463",""
"2012","Croatia","Thousand TOE (tonnes of oil equivalent)","Waste (non-renewable)","Gross inland consumption","8.1",""
"2012","Croatia","Terajoule","Waste (non-renewable)","Gross inland consumption","341",""
"2012","Italy","Thousand TOE (tonnes of oil equivalent)","Waste (non-renewable)","Gross inland consumption","1,132.3",""
"2012","Italy","Terajoule","Waste (non-renewable)","Gross inland consumption","47,406",""
"2012","Cyprus","Thousand TOE (tonnes of oil equivalent)","Waste (non-renewable)","Gross inland consumption","0.6",""
"2012","Cyprus","Terajoule","Waste (non-renewable)","Gross inland consumption","24",""
"2012","Latvia","Thousand TOE (tonnes of oil equivalent)","Waste (non-renewable)","Gross inland consumption","55.7",""
"2012","Latvia","Terajoule","Waste (non-renewable)","Gross inland consumption","2,331",""
"2012","Lithuania","Thousand TOE (tonnes of oil equivalent)","Waste (non-renewable)","Gross inland consumption","0.0",""
"2012","Lithuania","Terajoule","Waste (non-renewable)","Gross inland consumption","0",""
"2012","Luxembourg","Thousand TOE (tonnes of oil equivalent)","Waste (non-renewable)","Gross inland consumption","32.3",""
"2012","Luxembourg","Terajoule","Waste (non-renewable)","Gross inland consumption","1,351",""
"2012","Hungary","Thousand TOE (tonnes of oil equivalent)","Waste (non-renewable)","Gross inland consumption","89.0",""
"2012","Hungary","Terajoule","Waste (non-renewable)","Gross inland consumption","3,725",""
"2012","Malta","Thousand TOE (tonnes of oil equivalent)","Waste (non-renewable)","Gross inland consumption","0.0",""
"2012","Malta","Terajoule","Waste (non-renewable)","Gross inland consumption","0",""
"2012","Netherlands","Thousand TOE (tonnes of oil equivalent)","Waste (non-renewable)","Gross inland consumption","746.8",""
"2012","Netherlands","Terajoule","Waste (non-renewable)","Gross inland consumption","31,266",""
"2012","Austria","Thousand TOE (tonnes of oil equivalent)","Waste (non-renewable)","Gross inland consumption","699.0",""
"2012","Austria","Terajoule","Waste (non-renewable)","Gross inland consumption","29,266",""
"2012","Poland","Thousand TOE (tonnes of oil equivalent)","Waste (non-renewable)","Gross inland consumption","419.5",""
"2012","Poland","Terajoule","Waste (non-renewable)","Gross inland consumption","17,562",""
"2012","Portugal","Thousand TOE (tonnes of oil equivalent)","Waste (non-renewable)","Gross inland consumption","151.7",""
"2012","Portugal","Terajoule","Waste (non-renewable)","Gross inland consumption","6,352",""
"2012","Romania","Thousand TOE (tonnes of oil equivalent)","Waste (non-renewable)","Gross inland consumption","27.4",""
"2012","Romania","Terajoule","Waste (non-renewable)","Gross inland consumption","1,148",""
"2012","Slovenia","Thousand TOE (tonnes of oil equivalent)","Waste (non-renewable)","Gross inland consumption","31.8",""
"2012","Slovenia","Terajoule","Waste (non-renewable)","Gross inland consumption","1,333",""
"2012","Slovakia","Thousand TOE (tonnes of oil equivalent)","Waste (non-renewable)","Gross inland consumption","44.3",""
"2012","Slovakia","Terajoule","Waste (non-renewable)","Gross inland consumption","1,855",""
"2012","Finland","Thousand TOE (tonnes of oil equivalent)","Waste (non-renewable)","Gross inland consumption","183.9",""
"2012","Finland","Terajoule","Waste (non-renewable)","Gross inland consumption","7,698",""
"2012","Sweden","Thousand TOE (tonnes of oil equivalent)","Waste (non-renewable)","Gross inland consumption","543.7",""
"2012","Sweden","Terajoule","Waste (non-renewable)","Gross inland consumption","22,762",""
"2012","United Kingdom","Thousand TOE (tonnes of oil equivalent)","Waste (non-renewable)","Gross inland consumption","750.3",""
"2012","United Kingdom","Terajoule","Waste (non-renewable)","Gross inland consumption","31,412",""
"2012","Iceland","Thousand TOE (tonnes of oil equivalent)","Waste (non-renewable)","Gross inland consumption","0.0",""
"2012","Iceland","Terajoule","Waste (non-renewable)","Gross inland consumption","0",""
"2012","Norway","Thousand TOE (tonnes of oil equivalent)","Waste (non-renewable)","Gross inland consumption","186.9",""
"2012","Norway","Terajoule","Waste (non-renewable)","Gross inland consumption","7,826",""
"2012","Montenegro","Thousand TOE (tonnes of oil equivalent)","Waste (non-renewable)","Gross inland consumption","0.0",""
"2012","Montenegro","Terajoule","Waste (non-renewable)","Gross inland consumption","0",""
"2012","Former Yugoslav Republic of Macedonia, the","Thousand TOE (tonnes of oil equivalent)","Waste (non-renewable)","Gross inland consumption","0.0",""
"2012","Former Yugoslav Republic of Macedonia, the","Terajoule","Waste (non-renewable)","Gross inland consumption","0",""
"2012","Albania","Thousand TOE (tonnes of oil equivalent)","Waste (non-renewable)","Gross inland consumption","0.0",""
"2012","Albania","Terajoule","Waste (non-renewable)","Gross inland consumption","0",""
"2012","Serbia","Thousand TOE (tonnes of oil equivalent)","Waste (non-renewable)","Gross inland consumption","1.2",""
"2012","Serbia","Terajoule","Waste (non-renewable)","Gross inland consumption","50",""
"2012","Turkey","Thousand TOE (tonnes of oil equivalent)","Waste (non-renewable)","Gross inland consumption","37.4",""
"2012","Turkey","Terajoule","Waste (non-renewable)","Gross inland consumption","1,567",""
"2012","Kosovo (under United Nations Security Council Resolution 1244/99)","Thousand TOE (tonnes of oil equivalent)","Waste (non-renewable)","Gross inland consumption","0.0",""
"2012","Kosovo (under United Nations Security Council Resolution 1244/99)","Terajoule","Waste (non-renewable)","Gross inland consumption","0",""
"2012","Moldova","Thousand TOE (tonnes of oil equivalent)","Waste (non-renewable)","Gross inland consumption","0.0",""
"2012","Moldova","Terajoule","Waste (non-renewable)","Gross inland consumption","0",""
"2012","Ukraine","Thousand TOE (tonnes of oil equivalent)","Waste (non-renewable)","Gross inland consumption","0.0",""
"2012","Ukraine","Terajoule","Waste (non-renewable)","Gross inland consumption","0",""
"2013","European Union (28 countries)","Thousand TOE (tonnes of oil equivalent)","Waste (non-renewable)","Gross inland consumption","12,204.9",""
"2013","European Union (28 countries)","Terajoule","Waste (non-renewable)","Gross inland consumption","510,994",""
"2013","Euro area (19 countries)","Thousand TOE (tonnes of oil equivalent)","Waste (non-renewable)","Gross inland consumption","9,672.2",""
"2013","Euro area (19 countries)","Terajoule","Waste (non-renewable)","Gross inland consumption","404,955",""
"2013","Belgium","Thousand TOE (tonnes of oil equivalent)","Waste (non-renewable)","Gross inland consumption","720.2",""
"2013","Belgium","Terajoule","Waste (non-renewable)","Gross inland consumption","30,152",""
"2013","Bulgaria","Thousand TOE (tonnes of oil equivalent)","Waste (non-renewable)","Gross inland consumption","7.7",""
"2013","Bulgaria","Terajoule","Waste (non-renewable)","Gross inland consumption","322",""
"2013","Czech Republic","Thousand TOE (tonnes of oil equivalent)","Waste (non-renewable)","Gross inland consumption","215.8",""
"2013","Czech Republic","Terajoule","Waste (non-renewable)","Gross inland consumption","9,035",""
"2013","Denmark","Thousand TOE (tonnes of oil equivalent)","Waste (non-renewable)","Gross inland consumption","402.7",""
"2013","Denmark","Terajoule","Waste (non-renewable)","Gross inland consumption","16,860",""
"2013","Germany (until 1990 former territory of the FRG)","Thousand TOE (tonnes of oil equivalent)","Waste (non-renewable)","Gross inland consumption","4,107.4",""
"2013","Germany (until 1990 former territory of the FRG)","Terajoule","Waste (non-renewable)","Gross inland consumption","171,967",""
"2013","Estonia","Thousand TOE (tonnes of oil equivalent)","Waste (non-renewable)","Gross inland consumption","104.3",""
"2013","Estonia","Terajoule","Waste (non-renewable)","Gross inland consumption","4,368",""
"2013","Ireland","Thousand TOE (tonnes of oil equivalent)","Waste (non-renewable)","Gross inland consumption","57.8",""
"2013","Ireland","Terajoule","Waste (non-renewable)","Gross inland consumption","2,418",""
"2013","Greece","Thousand TOE (tonnes of oil equivalent)","Waste (non-renewable)","Gross inland consumption","21.1",""
"2013","Greece","Terajoule","Waste (non-renewable)","Gross inland consumption","883",""
"2013","Spain","Thousand TOE (tonnes of oil equivalent)","Waste (non-renewable)","Gross inland consumption","199.7",""
"2013","Spain","Terajoule","Waste (non-renewable)","Gross inland consumption","8,362",""
"2013","France","Thousand TOE (tonnes of oil equivalent)","Waste (non-renewable)","Gross inland consumption","1,233.4",""
"2013","France","Terajoule","Waste (non-renewable)","Gross inland consumption","51,640",""
"2013","Croatia","Thousand TOE (tonnes of oil equivalent)","Waste (non-renewable)","Gross inland consumption","8.7",""
"2013","Croatia","Terajoule","Waste (non-renewable)","Gross inland consumption","366",""
"2013","Italy","Thousand TOE (tonnes of oil equivalent)","Waste (non-renewable)","Gross inland consumption","1,138.0",""
"2013","Italy","Terajoule","Waste (non-renewable)","Gross inland consumption","47,645",""
"2013","Cyprus","Thousand TOE (tonnes of oil equivalent)","Waste (non-renewable)","Gross inland consumption","1.1",""
"2013","Cyprus","Terajoule","Waste (non-renewable)","Gross inland consumption","45",""
"2013","Latvia","Thousand TOE (tonnes of oil equivalent)","Waste (non-renewable)","Gross inland consumption","52.9",""
"2013","Latvia","Terajoule","Waste (non-renewable)","Gross inland consumption","2,216",""
"2013","Lithuania","Thousand TOE (tonnes of oil equivalent)","Waste (non-renewable)","Gross inland consumption","14.9",""
"2013","Lithuania","Terajoule","Waste (non-renewable)","Gross inland consumption","623",""
"2013","Luxembourg","Thousand TOE (tonnes of oil equivalent)","Waste (non-renewable)","Gross inland consumption","32.9",""
"2013","Luxembourg","Terajoule","Waste (non-renewable)","Gross inland consumption","1,378",""
"2013","Hungary","Thousand TOE (tonnes of oil equivalent)","Waste (non-renewable)","Gross inland consumption","82.8",""
"2013","Hungary","Terajoule","Waste (non-renewable)","Gross inland consumption","3,468",""
"2013","Malta","Thousand TOE (tonnes of oil equivalent)","Waste (non-renewable)","Gross inland consumption","0.0",""
"2013","Malta","Terajoule","Waste (non-renewable)","Gross inland consumption","0",""
"2013","Netherlands","Thousand TOE (tonnes of oil equivalent)","Waste (non-renewable)","Gross inland consumption","795.1",""
"2013","Netherlands","Terajoule","Waste (non-renewable)","Gross inland consumption","33,291",""
"2013","Austria","Thousand TOE (tonnes of oil equivalent)","Waste (non-renewable)","Gross inland consumption","654.5",""
"2013","Austria","Terajoule","Waste (non-renewable)","Gross inland consumption","27,403",""
"2013","Poland","Thousand TOE (tonnes of oil equivalent)","Waste (non-renewable)","Gross inland consumption","451.0",""
"2013","Poland","Terajoule","Waste (non-renewable)","Gross inland consumption","18,883",""
"2013","Portugal","Thousand TOE (tonnes of oil equivalent)","Waste (non-renewable)","Gross inland consumption","169.5",""
"2013","Portugal","Terajoule","Waste (non-renewable)","Gross inland consumption","7,098",""
"2013","Romania","Thousand TOE (tonnes of oil equivalent)","Waste (non-renewable)","Gross inland consumption","41.0",""
"2013","Romania","Terajoule","Waste (non-renewable)","Gross inland consumption","1,716",""
"2013","Slovenia","Thousand TOE (tonnes of oil equivalent)","Waste (non-renewable)","Gross inland consumption","34.7",""
"2013","Slovenia","Terajoule","Waste (non-renewable)","Gross inland consumption","1,453",""
"2013","Slovakia","Thousand TOE (tonnes of oil equivalent)","Waste (non-renewable)","Gross inland consumption","125.5",""
"2013","Slovakia","Terajoule","Waste (non-renewable)","Gross inland consumption","5,255",""
"2013","Finland","Thousand TOE (tonnes of oil equivalent)","Waste (non-renewable)","Gross inland consumption","209.2",""
"2013","Finland","Terajoule","Waste (non-renewable)","Gross inland consumption","8,758",""
"2013","Sweden","Thousand TOE (tonnes of oil equivalent)","Waste (non-renewable)","Gross inland consumption","584.6",""
"2013","Sweden","Terajoule","Waste (non-renewable)","Gross inland consumption","24,474",""
"2013","United Kingdom","Thousand TOE (tonnes of oil equivalent)","Waste (non-renewable)","Gross inland consumption","738.4",""
"2013","United Kingdom","Terajoule","Waste (non-renewable)","Gross inland consumption","30,915",""
"2013","Iceland","Thousand TOE (tonnes of oil equivalent)","Waste (non-renewable)","Gross inland consumption","0.0",""
"2013","Iceland","Terajoule","Waste (non-renewable)","Gross inland consumption","0",""
"2013","Norway","Thousand TOE (tonnes of oil equivalent)","Waste (non-renewable)","Gross inland consumption","204.6",""
"2013","Norway","Terajoule","Waste (non-renewable)","Gross inland consumption","8,567",""
"2013","Montenegro","Thousand TOE (tonnes of oil equivalent)","Waste (non-renewable)","Gross inland consumption","0.0",""
"2013","Montenegro","Terajoule","Waste (non-renewable)","Gross inland consumption","0",""
"2013","Former Yugoslav Republic of Macedonia, the","Thousand TOE (tonnes of oil equivalent)","Waste (non-renewable)","Gross inland consumption","0.0",""
"2013","Former Yugoslav Republic of Macedonia, the","Terajoule","Waste (non-renewable)","Gross inland consumption","0",""
"2013","Albania","Thousand TOE (tonnes of oil equivalent)","Waste (non-renewable)","Gross inland consumption","0.0",""
"2013","Albania","Terajoule","Waste (non-renewable)","Gross inland consumption","0",""
"2013","Serbia","Thousand TOE (tonnes of oil equivalent)","Waste (non-renewable)","Gross inland consumption","0.9",""
"2013","Serbia","Terajoule","Waste (non-renewable)","Gross inland consumption","38",""
"2013","Turkey","Thousand TOE (tonnes of oil equivalent)","Waste (non-renewable)","Gross inland consumption","29.0",""
"2013","Turkey","Terajoule","Waste (non-renewable)","Gross inland consumption","1,215",""
"2013","Kosovo (under United Nations Security Council Resolution 1244/99)","Thousand TOE (tonnes of oil equivalent)","Waste (non-renewable)","Gross inland consumption","0.0",""
"2013","Kosovo (under United Nations Security Council Resolution 1244/99)","Terajoule","Waste (non-renewable)","Gross inland consumption","0",""
"2013","Moldova","Thousand TOE (tonnes of oil equivalent)","Waste (non-renewable)","Gross inland consumption","0.0",""
"2013","Moldova","Terajoule","Waste (non-renewable)","Gross inland consumption","0",""
"2013","Ukraine","Thousand TOE (tonnes of oil equivalent)","Waste (non-renewable)","Gross inland consumption","0.0",""
"2013","Ukraine","Terajoule","Waste (non-renewable)","Gross inland consumption","0",""
"2014","European Union (28 countries)","Thousand TOE (tonnes of oil equivalent)","Waste (non-renewable)","Gross inland consumption","12,621.4",""
"2014","European Union (28 countries)","Terajoule","Waste (non-renewable)","Gross inland consumption","528,431",""
"2014","Euro area (19 countries)","Thousand TOE (tonnes of oil equivalent)","Waste (non-renewable)","Gross inland consumption","9,964.1",""
"2014","Euro area (19 countries)","Terajoule","Waste (non-renewable)","Gross inland consumption","417,179",""
"2014","Belgium","Thousand TOE (tonnes of oil equivalent)","Waste (non-renewable)","Gross inland consumption","663.8",""
"2014","Belgium","Terajoule","Waste (non-renewable)","Gross inland consumption","27,790",""
"2014","Bulgaria","Thousand TOE (tonnes of oil equivalent)","Waste (non-renewable)","Gross inland consumption","22.7",""
"2014","Bulgaria","Terajoule","Waste (non-renewable)","Gross inland consumption","951",""
"2014","Czech Republic","Thousand TOE (tonnes of oil equivalent)","Waste (non-renewable)","Gross inland consumption","250.1",""
"2014","Czech Republic","Terajoule","Waste (non-renewable)","Gross inland consumption","10,472",""
"2014","Denmark","Thousand TOE (tonnes of oil equivalent)","Waste (non-renewable)","Gross inland consumption","416.2",""
"2014","Denmark","Terajoule","Waste (non-renewable)","Gross inland consumption","17,424",""
"2014","Germany (until 1990 former territory of the FRG)","Thousand TOE (tonnes of oil equivalent)","Waste (non-renewable)","Gross inland consumption","4,302.2",""
"2014","Germany (until 1990 former territory of the FRG)","Terajoule","Waste (non-renewable)","Gross inland consumption","180,123",""
"2014","Estonia","Thousand TOE (tonnes of oil equivalent)","Waste (non-renewable)","Gross inland consumption","68.3",""
"2014","Estonia","Terajoule","Waste (non-renewable)","Gross inland consumption","2,858",""
"2014","Ireland","Thousand TOE (tonnes of oil equivalent)","Waste (non-renewable)","Gross inland consumption","63.0",""
"2014","Ireland","Terajoule","Waste (non-renewable)","Gross inland consumption","2,638",""
"2014","Greece","Thousand TOE (tonnes of oil equivalent)","Waste (non-renewable)","Gross inland consumption","20.7",""
"2014","Greece","Terajoule","Waste (non-renewable)","Gross inland consumption","868",""
"2014","Spain","Thousand TOE (tonnes of oil equivalent)","Waste (non-renewable)","Gross inland consumption","204.2",""
"2014","Spain","Terajoule","Waste (non-renewable)","Gross inland consumption","8,549",""
"2014","France","Thousand TOE (tonnes of oil equivalent)","Waste (non-renewable)","Gross inland consumption","1,241.0",""
"2014","France","Terajoule","Waste (non-renewable)","Gross inland consumption","51,960",""
"2014","Croatia","Thousand TOE (tonnes of oil equivalent)","Waste (non-renewable)","Gross inland consumption","10.2",""
"2014","Croatia","Terajoule","Waste (non-renewable)","Gross inland consumption","425",""
"2014","Italy","Thousand TOE (tonnes of oil equivalent)","Waste (non-renewable)","Gross inland consumption","1,157.8",""
"2014","Italy","Terajoule","Waste (non-renewable)","Gross inland consumption","48,473",""
"2014","Cyprus","Thousand TOE (tonnes of oil equivalent)","Waste (non-renewable)","Gross inland consumption","7.5",""
"2014","Cyprus","Terajoule","Waste (non-renewable)","Gross inland consumption","316",""
"2014","Latvia","Thousand TOE (tonnes of oil equivalent)","Waste (non-renewable)","Gross inland consumption","65.3",""
"2014","Latvia","Terajoule","Waste (non-renewable)","Gross inland consumption","2,734",""
"2014","Lithuania","Thousand TOE (tonnes of oil equivalent)","Waste (non-renewable)","Gross inland consumption","18.1",""
"2014","Lithuania","Terajoule","Waste (non-renewable)","Gross inland consumption","756",""
"2014","Luxembourg","Thousand TOE (tonnes of oil equivalent)","Waste (non-renewable)","Gross inland consumption","32.3",""
"2014","Luxembourg","Terajoule","Waste (non-renewable)","Gross inland consumption","1,353",""
"2014","Hungary","Thousand TOE (tonnes of oil equivalent)","Waste (non-renewable)","Gross inland consumption","96.1",""
"2014","Hungary","Terajoule","Waste (non-renewable)","Gross inland consumption","4,024",""
"2014","Malta","Thousand TOE (tonnes of oil equivalent)","Waste (non-renewable)","Gross inland consumption","0.0",""
"2014","Malta","Terajoule","Waste (non-renewable)","Gross inland consumption","0",""
"2014","Netherlands","Thousand TOE (tonnes of oil equivalent)","Waste (non-renewable)","Gross inland consumption","819.3",""
"2014","Netherlands","Terajoule","Waste (non-renewable)","Gross inland consumption","34,301",""
"2014","Austria","Thousand TOE (tonnes of oil equivalent)","Waste (non-renewable)","Gross inland consumption","701.0",""
"2014","Austria","Terajoule","Waste (non-renewable)","Gross inland consumption","29,349",""
"2014","Poland","Thousand TOE (tonnes of oil equivalent)","Waste (non-renewable)","Gross inland consumption","514.7",""
"2014","Poland","Terajoule","Waste (non-renewable)","Gross inland consumption","21,548",""
"2014","Portugal","Thousand TOE (tonnes of oil equivalent)","Waste (non-renewable)","Gross inland consumption","170.0",""
"2014","Portugal","Terajoule","Waste (non-renewable)","Gross inland consumption","7,116",""
"2014","Romania","Thousand TOE (tonnes of oil equivalent)","Waste (non-renewable)","Gross inland consumption","69.9",""
"2014","Romania","Terajoule","Waste (non-renewable)","Gross inland consumption","2,926",""
"2014","Slovenia","Thousand TOE (tonnes of oil equivalent)","Waste (non-renewable)","Gross inland consumption","43.2",""
"2014","Slovenia","Terajoule","Waste (non-renewable)","Gross inland consumption","1,809",""
"2014","Slovakia","Thousand TOE (tonnes of oil equivalent)","Waste (non-renewable)","Gross inland consumption","151.5",""
"2014","Slovakia","Terajoule","Waste (non-renewable)","Gross inland consumption","6,344",""
"2014","Finland","Thousand TOE (tonnes of oil equivalent)","Waste (non-renewable)","Gross inland consumption","235.1",""
"2014","Finland","Terajoule","Waste (non-renewable)","Gross inland consumption","9,842",""
"2014","Sweden","Thousand TOE (tonnes of oil equivalent)","Waste (non-renewable)","Gross inland consumption","604.3",""
"2014","Sweden","Terajoule","Waste (non-renewable)","Gross inland consumption","25,302",""
"2014","United Kingdom","Thousand TOE (tonnes of oil equivalent)","Waste (non-renewable)","Gross inland consumption","673.1",""
"2014","United Kingdom","Terajoule","Waste (non-renewable)","Gross inland consumption","28,180",""
"2014","Iceland","Thousand TOE (tonnes of oil equivalent)","Waste (non-renewable)","Gross inland consumption","0.0",""
"2014","Iceland","Terajoule","Waste (non-renewable)","Gross inland consumption","0",""
"2014","Norway","Thousand TOE (tonnes of oil equivalent)","Waste (non-renewable)","Gross inland consumption","224.4",""
"2014","Norway","Terajoule","Waste (non-renewable)","Gross inland consumption","9,396",""
"2014","Montenegro","Thousand TOE (tonnes of oil equivalent)","Waste (non-renewable)","Gross inland consumption","0.0",""
"2014","Montenegro","Terajoule","Waste (non-renewable)","Gross inland consumption","0",""
"2014","Former Yugoslav Republic of Macedonia, the","Thousand TOE (tonnes of oil equivalent)","Waste (non-renewable)","Gross inland consumption","0.0",""
"2014","Former Yugoslav Republic of Macedonia, the","Terajoule","Waste (non-renewable)","Gross inland consumption","0",""
"2014","Albania","Thousand TOE (tonnes of oil equivalent)","Waste (non-renewable)","Gross inland consumption","0.0",""
"2014","Albania","Terajoule","Waste (non-renewable)","Gross inland consumption","0",""
"2014","Serbia","Thousand TOE (tonnes of oil equivalent)","Waste (non-renewable)","Gross inland consumption","0.8",""
"2014","Serbia","Terajoule","Waste (non-renewable)","Gross inland consumption","34",""
"2014","Turkey","Thousand TOE (tonnes of oil equivalent)","Waste (non-renewable)","Gross inland consumption","33.5",""
"2014","Turkey","Terajoule","Waste (non-renewable)","Gross inland consumption","1,403",""
"2014","Kosovo (under United Nations Security Council Resolution 1244/99)","Thousand TOE (tonnes of oil equivalent)","Waste (non-renewable)","Gross inland consumption","0.0",""
"2014","Kosovo (under United Nations Security Council Resolution 1244/99)","Terajoule","Waste (non-renewable)","Gross inland consumption","0",""
"2014","Moldova","Thousand TOE (tonnes of oil equivalent)","Waste (non-renewable)","Gross inland consumption","0.0",""
"2014","Moldova","Terajoule","Waste (non-renewable)","Gross inland consumption","0",""
"2014","Ukraine","Thousand TOE (tonnes of oil equivalent)","Waste (non-renewable)","Gross inland consumption","0.0",""
"2014","Ukraine","Terajoule","Waste (non-renewable)","Gross inland consumption","0",""
