"TIME","GEO","UNIT","PRODUCT","INDIC_NRG","Value","Flag and Footnotes"
"2005","European Union (28 countries)","Thousand TOE (tonnes of oil equivalent)","Nuclear heat","Gross inland consumption","257,516.0",""
"2005","Euro area (19 countries)","Thousand TOE (tonnes of oil equivalent)","Nuclear heat","Gross inland consumption","201,544.1",""
"2005","Belgium","Thousand TOE (tonnes of oil equivalent)","Nuclear heat","Gross inland consumption","12,277.3",""
"2005","Bulgaria","Thousand TOE (tonnes of oil equivalent)","Nuclear heat","Gross inland consumption","4,826.0",""
"2005","Czech Republic","Thousand TOE (tonnes of oil equivalent)","Nuclear heat","Gross inland consumption","6,404.9",""
"2005","Denmark","Thousand TOE (tonnes of oil equivalent)","Nuclear heat","Gross inland consumption","0.0",""
"2005","Germany (until 1990 former territory of the FRG)","Thousand TOE (tonnes of oil equivalent)","Nuclear heat","Gross inland consumption","42,060.6",""
"2005","Estonia","Thousand TOE (tonnes of oil equivalent)","Nuclear heat","Gross inland consumption","0.0",""
"2005","Ireland","Thousand TOE (tonnes of oil equivalent)","Nuclear heat","Gross inland consumption","0.0",""
"2005","Greece","Thousand TOE (tonnes of oil equivalent)","Nuclear heat","Gross inland consumption","0.0",""
"2005","Spain","Thousand TOE (tonnes of oil equivalent)","Nuclear heat","Gross inland consumption","14,842.4",""
"2005","France","Thousand TOE (tonnes of oil equivalent)","Nuclear heat","Gross inland consumption","116,473.5",""
"2005","Croatia","Thousand TOE (tonnes of oil equivalent)","Nuclear heat","Gross inland consumption","0.0",""
"2005","Italy","Thousand TOE (tonnes of oil equivalent)","Nuclear heat","Gross inland consumption","0.0",""
"2005","Cyprus","Thousand TOE (tonnes of oil equivalent)","Nuclear heat","Gross inland consumption","0.0",""
"2005","Latvia","Thousand TOE (tonnes of oil equivalent)","Nuclear heat","Gross inland consumption","0.0",""
"2005","Lithuania","Thousand TOE (tonnes of oil equivalent)","Nuclear heat","Gross inland consumption","2,712.6",""
"2005","Luxembourg","Thousand TOE (tonnes of oil equivalent)","Nuclear heat","Gross inland consumption","0.0",""
"2005","Hungary","Thousand TOE (tonnes of oil equivalent)","Nuclear heat","Gross inland consumption","3,584.5",""
"2005","Malta","Thousand TOE (tonnes of oil equivalent)","Nuclear heat","Gross inland consumption","0.0",""
"2005","Netherlands","Thousand TOE (tonnes of oil equivalent)","Nuclear heat","Gross inland consumption","1,031.0",""
"2005","Austria","Thousand TOE (tonnes of oil equivalent)","Nuclear heat","Gross inland consumption","0.0",""
"2005","Poland","Thousand TOE (tonnes of oil equivalent)","Nuclear heat","Gross inland consumption","0.0",""
"2005","Portugal","Thousand TOE (tonnes of oil equivalent)","Nuclear heat","Gross inland consumption","0.0",""
"2005","Romania","Thousand TOE (tonnes of oil equivalent)","Nuclear heat","Gross inland consumption","1,432.9",""
"2005","Slovenia","Thousand TOE (tonnes of oil equivalent)","Nuclear heat","Gross inland consumption","1,517.8",""
"2005","Slovakia","Thousand TOE (tonnes of oil equivalent)","Nuclear heat","Gross inland consumption","4,626.1",""
"2005","Finland","Thousand TOE (tonnes of oil equivalent)","Nuclear heat","Gross inland consumption","6,002.8",""
"2005","Sweden","Thousand TOE (tonnes of oil equivalent)","Nuclear heat","Gross inland consumption","18,669.9",""
"2005","United Kingdom","Thousand TOE (tonnes of oil equivalent)","Nuclear heat","Gross inland consumption","21,053.7",""
"2005","Iceland","Thousand TOE (tonnes of oil equivalent)","Nuclear heat","Gross inland consumption","0.0",""
"2005","Norway","Thousand TOE (tonnes of oil equivalent)","Nuclear heat","Gross inland consumption","0.0",""
"2005","Montenegro","Thousand TOE (tonnes of oil equivalent)","Nuclear heat","Gross inland consumption","0.0",""
"2005","Former Yugoslav Republic of Macedonia, the","Thousand TOE (tonnes of oil equivalent)","Nuclear heat","Gross inland consumption","0.0",""
"2005","Albania","Thousand TOE (tonnes of oil equivalent)","Nuclear heat","Gross inland consumption","0.0",""
"2005","Serbia","Thousand TOE (tonnes of oil equivalent)","Nuclear heat","Gross inland consumption","0.0",""
"2005","Turkey","Thousand TOE (tonnes of oil equivalent)","Nuclear heat","Gross inland consumption","0.0",""
"2005","Kosovo (under United Nations Security Council Resolution 1244/99)","Thousand TOE (tonnes of oil equivalent)","Nuclear heat","Gross inland consumption","0.0",""
"2005","Moldova","Thousand TOE (tonnes of oil equivalent)","Nuclear heat","Gross inland consumption","0.0",""
"2005","Ukraine","Thousand TOE (tonnes of oil equivalent)","Nuclear heat","Gross inland consumption","22,894.9",""
"2006","European Union (28 countries)","Thousand TOE (tonnes of oil equivalent)","Nuclear heat","Gross inland consumption","255,499.0",""
"2006","Euro area (19 countries)","Thousand TOE (tonnes of oil equivalent)","Nuclear heat","Gross inland consumption","202,033.4",""
"2006","Belgium","Thousand TOE (tonnes of oil equivalent)","Nuclear heat","Gross inland consumption","12,032.2",""
"2006","Bulgaria","Thousand TOE (tonnes of oil equivalent)","Nuclear heat","Gross inland consumption","5,042.3",""
"2006","Czech Republic","Thousand TOE (tonnes of oil equivalent)","Nuclear heat","Gross inland consumption","6,744.2",""
"2006","Denmark","Thousand TOE (tonnes of oil equivalent)","Nuclear heat","Gross inland consumption","0.0",""
"2006","Germany (until 1990 former territory of the FRG)","Thousand TOE (tonnes of oil equivalent)","Nuclear heat","Gross inland consumption","43,147.6",""
"2006","Estonia","Thousand TOE (tonnes of oil equivalent)","Nuclear heat","Gross inland consumption","0.0",""
"2006","Ireland","Thousand TOE (tonnes of oil equivalent)","Nuclear heat","Gross inland consumption","0.0",""
"2006","Greece","Thousand TOE (tonnes of oil equivalent)","Nuclear heat","Gross inland consumption","0.0",""
"2006","Spain","Thousand TOE (tonnes of oil equivalent)","Nuclear heat","Gross inland consumption","15,509.7",""
"2006","France","Thousand TOE (tonnes of oil equivalent)","Nuclear heat","Gross inland consumption","116,128.4",""
"2006","Croatia","Thousand TOE (tonnes of oil equivalent)","Nuclear heat","Gross inland consumption","0.0",""
"2006","Italy","Thousand TOE (tonnes of oil equivalent)","Nuclear heat","Gross inland consumption","0.0",""
"2006","Cyprus","Thousand TOE (tonnes of oil equivalent)","Nuclear heat","Gross inland consumption","0.0",""
"2006","Latvia","Thousand TOE (tonnes of oil equivalent)","Nuclear heat","Gross inland consumption","0.0",""
"2006","Lithuania","Thousand TOE (tonnes of oil equivalent)","Nuclear heat","Gross inland consumption","2,279.2",""
"2006","Luxembourg","Thousand TOE (tonnes of oil equivalent)","Nuclear heat","Gross inland consumption","0.0",""
"2006","Hungary","Thousand TOE (tonnes of oil equivalent)","Nuclear heat","Gross inland consumption","3,486.5",""
"2006","Malta","Thousand TOE (tonnes of oil equivalent)","Nuclear heat","Gross inland consumption","0.0",""
"2006","Netherlands","Thousand TOE (tonnes of oil equivalent)","Nuclear heat","Gross inland consumption","894.8",""
"2006","Austria","Thousand TOE (tonnes of oil equivalent)","Nuclear heat","Gross inland consumption","0.0",""
"2006","Poland","Thousand TOE (tonnes of oil equivalent)","Nuclear heat","Gross inland consumption","0.0",""
"2006","Portugal","Thousand TOE (tonnes of oil equivalent)","Nuclear heat","Gross inland consumption","0.0",""
"2006","Romania","Thousand TOE (tonnes of oil equivalent)","Nuclear heat","Gross inland consumption","1,452.8",""
"2006","Slovenia","Thousand TOE (tonnes of oil equivalent)","Nuclear heat","Gross inland consumption","1,431.1",""
"2006","Slovakia","Thousand TOE (tonnes of oil equivalent)","Nuclear heat","Gross inland consumption","4,701.6",""
"2006","Finland","Thousand TOE (tonnes of oil equivalent)","Nuclear heat","Gross inland consumption","5,908.7",""
"2006","Sweden","Thousand TOE (tonnes of oil equivalent)","Nuclear heat","Gross inland consumption","17,277.0",""
"2006","United Kingdom","Thousand TOE (tonnes of oil equivalent)","Nuclear heat","Gross inland consumption","19,462.9",""
"2006","Iceland","Thousand TOE (tonnes of oil equivalent)","Nuclear heat","Gross inland consumption","0.0",""
"2006","Norway","Thousand TOE (tonnes of oil equivalent)","Nuclear heat","Gross inland consumption","0.0",""
"2006","Montenegro","Thousand TOE (tonnes of oil equivalent)","Nuclear heat","Gross inland consumption","0.0",""
"2006","Former Yugoslav Republic of Macedonia, the","Thousand TOE (tonnes of oil equivalent)","Nuclear heat","Gross inland consumption","0.0",""
"2006","Albania","Thousand TOE (tonnes of oil equivalent)","Nuclear heat","Gross inland consumption","0.0",""
"2006","Serbia","Thousand TOE (tonnes of oil equivalent)","Nuclear heat","Gross inland consumption","0.0",""
"2006","Turkey","Thousand TOE (tonnes of oil equivalent)","Nuclear heat","Gross inland consumption","0.0",""
"2006","Kosovo (under United Nations Security Council Resolution 1244/99)","Thousand TOE (tonnes of oil equivalent)","Nuclear heat","Gross inland consumption","0.0",""
"2006","Moldova","Thousand TOE (tonnes of oil equivalent)","Nuclear heat","Gross inland consumption","0.0",""
"2006","Ukraine","Thousand TOE (tonnes of oil equivalent)","Nuclear heat","Gross inland consumption","23,273.9",""
"2007","European Union (28 countries)","Thousand TOE (tonnes of oil equivalent)","Nuclear heat","Gross inland consumption","241,409.9",""
"2007","Euro area (19 countries)","Thousand TOE (tonnes of oil equivalent)","Nuclear heat","Gross inland consumption","191,516.6",""
"2007","Belgium","Thousand TOE (tonnes of oil equivalent)","Nuclear heat","Gross inland consumption","12,440.3",""
"2007","Bulgaria","Thousand TOE (tonnes of oil equivalent)","Nuclear heat","Gross inland consumption","3,797.6",""
"2007","Czech Republic","Thousand TOE (tonnes of oil equivalent)","Nuclear heat","Gross inland consumption","6,775.1",""
"2007","Denmark","Thousand TOE (tonnes of oil equivalent)","Nuclear heat","Gross inland consumption","0.0",""
"2007","Germany (until 1990 former territory of the FRG)","Thousand TOE (tonnes of oil equivalent)","Nuclear heat","Gross inland consumption","36,251.2",""
"2007","Estonia","Thousand TOE (tonnes of oil equivalent)","Nuclear heat","Gross inland consumption","0.0",""
"2007","Ireland","Thousand TOE (tonnes of oil equivalent)","Nuclear heat","Gross inland consumption","0.0",""
"2007","Greece","Thousand TOE (tonnes of oil equivalent)","Nuclear heat","Gross inland consumption","0.0",""
"2007","Spain","Thousand TOE (tonnes of oil equivalent)","Nuclear heat","Gross inland consumption","14,214.0",""
"2007","France","Thousand TOE (tonnes of oil equivalent)","Nuclear heat","Gross inland consumption","113,429.9",""
"2007","Croatia","Thousand TOE (tonnes of oil equivalent)","Nuclear heat","Gross inland consumption","0.0",""
"2007","Italy","Thousand TOE (tonnes of oil equivalent)","Nuclear heat","Gross inland consumption","0.0",""
"2007","Cyprus","Thousand TOE (tonnes of oil equivalent)","Nuclear heat","Gross inland consumption","0.0",""
"2007","Latvia","Thousand TOE (tonnes of oil equivalent)","Nuclear heat","Gross inland consumption","0.0",""
"2007","Lithuania","Thousand TOE (tonnes of oil equivalent)","Nuclear heat","Gross inland consumption","2,582.5",""
"2007","Luxembourg","Thousand TOE (tonnes of oil equivalent)","Nuclear heat","Gross inland consumption","0.0",""
"2007","Hungary","Thousand TOE (tonnes of oil equivalent)","Nuclear heat","Gross inland consumption","3,798.9",""
"2007","Malta","Thousand TOE (tonnes of oil equivalent)","Nuclear heat","Gross inland consumption","0.0",""
"2007","Netherlands","Thousand TOE (tonnes of oil equivalent)","Nuclear heat","Gross inland consumption","1,083.4",""
"2007","Austria","Thousand TOE (tonnes of oil equivalent)","Nuclear heat","Gross inland consumption","0.0",""
"2007","Poland","Thousand TOE (tonnes of oil equivalent)","Nuclear heat","Gross inland consumption","0.0",""
"2007","Portugal","Thousand TOE (tonnes of oil equivalent)","Nuclear heat","Gross inland consumption","0.0",""
"2007","Romania","Thousand TOE (tonnes of oil equivalent)","Nuclear heat","Gross inland consumption","1,988.6",""
"2007","Slovenia","Thousand TOE (tonnes of oil equivalent)","Nuclear heat","Gross inland consumption","1,469.0",""
"2007","Slovakia","Thousand TOE (tonnes of oil equivalent)","Nuclear heat","Gross inland consumption","4,004.1",""
"2007","Finland","Thousand TOE (tonnes of oil equivalent)","Nuclear heat","Gross inland consumption","6,042.0",""
"2007","Sweden","Thousand TOE (tonnes of oil equivalent)","Nuclear heat","Gross inland consumption","17,274.9",""
"2007","United Kingdom","Thousand TOE (tonnes of oil equivalent)","Nuclear heat","Gross inland consumption","16,258.3",""
"2007","Iceland","Thousand TOE (tonnes of oil equivalent)","Nuclear heat","Gross inland consumption","0.0",""
"2007","Norway","Thousand TOE (tonnes of oil equivalent)","Nuclear heat","Gross inland consumption","0.0",""
"2007","Montenegro","Thousand TOE (tonnes of oil equivalent)","Nuclear heat","Gross inland consumption","0.0",""
"2007","Former Yugoslav Republic of Macedonia, the","Thousand TOE (tonnes of oil equivalent)","Nuclear heat","Gross inland consumption","0.0",""
"2007","Albania","Thousand TOE (tonnes of oil equivalent)","Nuclear heat","Gross inland consumption","0.0",""
"2007","Serbia","Thousand TOE (tonnes of oil equivalent)","Nuclear heat","Gross inland consumption","0.0",""
"2007","Turkey","Thousand TOE (tonnes of oil equivalent)","Nuclear heat","Gross inland consumption","0.0",""
"2007","Kosovo (under United Nations Security Council Resolution 1244/99)","Thousand TOE (tonnes of oil equivalent)","Nuclear heat","Gross inland consumption","0.0",""
"2007","Moldova","Thousand TOE (tonnes of oil equivalent)","Nuclear heat","Gross inland consumption","0.0",""
"2007","Ukraine","Thousand TOE (tonnes of oil equivalent)","Nuclear heat","Gross inland consumption","24,027.8",""
"2008","European Union (28 countries)","Thousand TOE (tonnes of oil equivalent)","Nuclear heat","Gross inland consumption","241,908.7",""
"2008","Euro area (19 countries)","Thousand TOE (tonnes of oil equivalent)","Nuclear heat","Gross inland consumption","194,197.6",""
"2008","Belgium","Thousand TOE (tonnes of oil equivalent)","Nuclear heat","Gross inland consumption","11,754.4",""
"2008","Bulgaria","Thousand TOE (tonnes of oil equivalent)","Nuclear heat","Gross inland consumption","4,088.3",""
"2008","Czech Republic","Thousand TOE (tonnes of oil equivalent)","Nuclear heat","Gross inland consumption","6,872.1",""
"2008","Denmark","Thousand TOE (tonnes of oil equivalent)","Nuclear heat","Gross inland consumption","0.0",""
"2008","Germany (until 1990 former territory of the FRG)","Thousand TOE (tonnes of oil equivalent)","Nuclear heat","Gross inland consumption","38,304.8",""
"2008","Estonia","Thousand TOE (tonnes of oil equivalent)","Nuclear heat","Gross inland consumption","0.0",""
"2008","Ireland","Thousand TOE (tonnes of oil equivalent)","Nuclear heat","Gross inland consumption","0.0",""
"2008","Greece","Thousand TOE (tonnes of oil equivalent)","Nuclear heat","Gross inland consumption","0.0",""
"2008","Spain","Thousand TOE (tonnes of oil equivalent)","Nuclear heat","Gross inland consumption","15,212.3",""
"2008","France","Thousand TOE (tonnes of oil equivalent)","Nuclear heat","Gross inland consumption","113,356.9",""
"2008","Croatia","Thousand TOE (tonnes of oil equivalent)","Nuclear heat","Gross inland consumption","0.0",""
"2008","Italy","Thousand TOE (tonnes of oil equivalent)","Nuclear heat","Gross inland consumption","0.0",""
"2008","Cyprus","Thousand TOE (tonnes of oil equivalent)","Nuclear heat","Gross inland consumption","0.0",""
"2008","Latvia","Thousand TOE (tonnes of oil equivalent)","Nuclear heat","Gross inland consumption","0.0",""
"2008","Lithuania","Thousand TOE (tonnes of oil equivalent)","Nuclear heat","Gross inland consumption","2,597.0",""
"2008","Luxembourg","Thousand TOE (tonnes of oil equivalent)","Nuclear heat","Gross inland consumption","0.0",""
"2008","Hungary","Thousand TOE (tonnes of oil equivalent)","Nuclear heat","Gross inland consumption","3,835.6",""
"2008","Malta","Thousand TOE (tonnes of oil equivalent)","Nuclear heat","Gross inland consumption","0.0",""
"2008","Netherlands","Thousand TOE (tonnes of oil equivalent)","Nuclear heat","Gross inland consumption","1,075.4",""
"2008","Austria","Thousand TOE (tonnes of oil equivalent)","Nuclear heat","Gross inland consumption","0.0",""
"2008","Poland","Thousand TOE (tonnes of oil equivalent)","Nuclear heat","Gross inland consumption","0.0",""
"2008","Portugal","Thousand TOE (tonnes of oil equivalent)","Nuclear heat","Gross inland consumption","0.0",""
"2008","Romania","Thousand TOE (tonnes of oil equivalent)","Nuclear heat","Gross inland consumption","2,895.8",""
"2008","Slovenia","Thousand TOE (tonnes of oil equivalent)","Nuclear heat","Gross inland consumption","1,618.1",""
"2008","Slovakia","Thousand TOE (tonnes of oil equivalent)","Nuclear heat","Gross inland consumption","4,356.5",""
"2008","Finland","Thousand TOE (tonnes of oil equivalent)","Nuclear heat","Gross inland consumption","5,922.1",""
"2008","Sweden","Thousand TOE (tonnes of oil equivalent)","Nuclear heat","Gross inland consumption","16,480.4",""
"2008","United Kingdom","Thousand TOE (tonnes of oil equivalent)","Nuclear heat","Gross inland consumption","13,539.0",""
"2008","Iceland","Thousand TOE (tonnes of oil equivalent)","Nuclear heat","Gross inland consumption","0.0",""
"2008","Norway","Thousand TOE (tonnes of oil equivalent)","Nuclear heat","Gross inland consumption","0.0",""
"2008","Montenegro","Thousand TOE (tonnes of oil equivalent)","Nuclear heat","Gross inland consumption","0.0",""
"2008","Former Yugoslav Republic of Macedonia, the","Thousand TOE (tonnes of oil equivalent)","Nuclear heat","Gross inland consumption","0.0",""
"2008","Albania","Thousand TOE (tonnes of oil equivalent)","Nuclear heat","Gross inland consumption","0.0",""
"2008","Serbia","Thousand TOE (tonnes of oil equivalent)","Nuclear heat","Gross inland consumption","0.0",""
"2008","Turkey","Thousand TOE (tonnes of oil equivalent)","Nuclear heat","Gross inland consumption","0.0",""
"2008","Kosovo (under United Nations Security Council Resolution 1244/99)","Thousand TOE (tonnes of oil equivalent)","Nuclear heat","Gross inland consumption","0.0",""
"2008","Moldova","Thousand TOE (tonnes of oil equivalent)","Nuclear heat","Gross inland consumption","0.0",""
"2008","Ukraine","Thousand TOE (tonnes of oil equivalent)","Nuclear heat","Gross inland consumption","23,327.7",""
"2009","European Union (28 countries)","Thousand TOE (tonnes of oil equivalent)","Nuclear heat","Gross inland consumption","230,772.4",""
"2009","Euro area (19 countries)","Thousand TOE (tonnes of oil equivalent)","Nuclear heat","Gross inland consumption","181,467.0",""
"2009","Belgium","Thousand TOE (tonnes of oil equivalent)","Nuclear heat","Gross inland consumption","12,181.1",""
"2009","Bulgaria","Thousand TOE (tonnes of oil equivalent)","Nuclear heat","Gross inland consumption","3,958.4",""
"2009","Czech Republic","Thousand TOE (tonnes of oil equivalent)","Nuclear heat","Gross inland consumption","7,041.9",""
"2009","Denmark","Thousand TOE (tonnes of oil equivalent)","Nuclear heat","Gross inland consumption","0.0",""
"2009","Germany (until 1990 former territory of the FRG)","Thousand TOE (tonnes of oil equivalent)","Nuclear heat","Gross inland consumption","34,806.2",""
"2009","Estonia","Thousand TOE (tonnes of oil equivalent)","Nuclear heat","Gross inland consumption","0.0",""
"2009","Ireland","Thousand TOE (tonnes of oil equivalent)","Nuclear heat","Gross inland consumption","0.0",""
"2009","Greece","Thousand TOE (tonnes of oil equivalent)","Nuclear heat","Gross inland consumption","0.0",""
"2009","Spain","Thousand TOE (tonnes of oil equivalent)","Nuclear heat","Gross inland consumption","13,609.9",""
"2009","France","Thousand TOE (tonnes of oil equivalent)","Nuclear heat","Gross inland consumption","105,692.9",""
"2009","Croatia","Thousand TOE (tonnes of oil equivalent)","Nuclear heat","Gross inland consumption","0.0",""
"2009","Italy","Thousand TOE (tonnes of oil equivalent)","Nuclear heat","Gross inland consumption","0.0",""
"2009","Cyprus","Thousand TOE (tonnes of oil equivalent)","Nuclear heat","Gross inland consumption","0.0",""
"2009","Latvia","Thousand TOE (tonnes of oil equivalent)","Nuclear heat","Gross inland consumption","0.0",""
"2009","Lithuania","Thousand TOE (tonnes of oil equivalent)","Nuclear heat","Gross inland consumption","2,845.8",""
"2009","Luxembourg","Thousand TOE (tonnes of oil equivalent)","Nuclear heat","Gross inland consumption","0.0",""
"2009","Hungary","Thousand TOE (tonnes of oil equivalent)","Nuclear heat","Gross inland consumption","3,991.3",""
"2009","Malta","Thousand TOE (tonnes of oil equivalent)","Nuclear heat","Gross inland consumption","0.0",""
"2009","Netherlands","Thousand TOE (tonnes of oil equivalent)","Nuclear heat","Gross inland consumption","1,095.8",""
"2009","Austria","Thousand TOE (tonnes of oil equivalent)","Nuclear heat","Gross inland consumption","0.0",""
"2009","Poland","Thousand TOE (tonnes of oil equivalent)","Nuclear heat","Gross inland consumption","0.0",""
"2009","Portugal","Thousand TOE (tonnes of oil equivalent)","Nuclear heat","Gross inland consumption","0.0",""
"2009","Romania","Thousand TOE (tonnes of oil equivalent)","Nuclear heat","Gross inland consumption","3,031.5",""
"2009","Slovenia","Thousand TOE (tonnes of oil equivalent)","Nuclear heat","Gross inland consumption","1,480.4",""
"2009","Slovakia","Thousand TOE (tonnes of oil equivalent)","Nuclear heat","Gross inland consumption","3,686.4",""
"2009","Finland","Thousand TOE (tonnes of oil equivalent)","Nuclear heat","Gross inland consumption","6,068.6",""
"2009","Sweden","Thousand TOE (tonnes of oil equivalent)","Nuclear heat","Gross inland consumption","13,458.2",""
"2009","United Kingdom","Thousand TOE (tonnes of oil equivalent)","Nuclear heat","Gross inland consumption","17,824.1",""
"2009","Iceland","Thousand TOE (tonnes of oil equivalent)","Nuclear heat","Gross inland consumption","0.0",""
"2009","Norway","Thousand TOE (tonnes of oil equivalent)","Nuclear heat","Gross inland consumption","0.0",""
"2009","Montenegro","Thousand TOE (tonnes of oil equivalent)","Nuclear heat","Gross inland consumption","0.0",""
"2009","Former Yugoslav Republic of Macedonia, the","Thousand TOE (tonnes of oil equivalent)","Nuclear heat","Gross inland consumption","0.0",""
"2009","Albania","Thousand TOE (tonnes of oil equivalent)","Nuclear heat","Gross inland consumption","0.0",""
"2009","Serbia","Thousand TOE (tonnes of oil equivalent)","Nuclear heat","Gross inland consumption","0.0",""
"2009","Turkey","Thousand TOE (tonnes of oil equivalent)","Nuclear heat","Gross inland consumption","0.0",""
"2009","Kosovo (under United Nations Security Council Resolution 1244/99)","Thousand TOE (tonnes of oil equivalent)","Nuclear heat","Gross inland consumption","0.0",""
"2009","Moldova","Thousand TOE (tonnes of oil equivalent)","Nuclear heat","Gross inland consumption","0.0",""
"2009","Ukraine","Thousand TOE (tonnes of oil equivalent)","Nuclear heat","Gross inland consumption","21,543.7",""
"2010","European Union (28 countries)","Thousand TOE (tonnes of oil equivalent)","Nuclear heat","Gross inland consumption","236,562.5",""
"2010","Euro area (19 countries)","Thousand TOE (tonnes of oil equivalent)","Nuclear heat","Gross inland consumption","187,336.8",""
"2010","Belgium","Thousand TOE (tonnes of oil equivalent)","Nuclear heat","Gross inland consumption","12,367.3",""
"2010","Bulgaria","Thousand TOE (tonnes of oil equivalent)","Nuclear heat","Gross inland consumption","3,956.1",""
"2010","Czech Republic","Thousand TOE (tonnes of oil equivalent)","Nuclear heat","Gross inland consumption","7,247.7",""
"2010","Denmark","Thousand TOE (tonnes of oil equivalent)","Nuclear heat","Gross inland consumption","0.0",""
"2010","Germany (until 1990 former territory of the FRG)","Thousand TOE (tonnes of oil equivalent)","Nuclear heat","Gross inland consumption","36,256.9",""
"2010","Estonia","Thousand TOE (tonnes of oil equivalent)","Nuclear heat","Gross inland consumption","0.0",""
"2010","Ireland","Thousand TOE (tonnes of oil equivalent)","Nuclear heat","Gross inland consumption","0.0",""
"2010","Greece","Thousand TOE (tonnes of oil equivalent)","Nuclear heat","Gross inland consumption","0.0",""
"2010","Spain","Thousand TOE (tonnes of oil equivalent)","Nuclear heat","Gross inland consumption","15,990.5",""
"2010","France","Thousand TOE (tonnes of oil equivalent)","Nuclear heat","Gross inland consumption","110,538.5",""
"2010","Croatia","Thousand TOE (tonnes of oil equivalent)","Nuclear heat","Gross inland consumption","0.0",""
"2010","Italy","Thousand TOE (tonnes of oil equivalent)","Nuclear heat","Gross inland consumption","0.0",""
"2010","Cyprus","Thousand TOE (tonnes of oil equivalent)","Nuclear heat","Gross inland consumption","0.0",""
"2010","Latvia","Thousand TOE (tonnes of oil equivalent)","Nuclear heat","Gross inland consumption","0.0",""
"2010","Lithuania","Thousand TOE (tonnes of oil equivalent)","Nuclear heat","Gross inland consumption","0.0",""
"2010","Luxembourg","Thousand TOE (tonnes of oil equivalent)","Nuclear heat","Gross inland consumption","0.0",""
"2010","Hungary","Thousand TOE (tonnes of oil equivalent)","Nuclear heat","Gross inland consumption","4,077.6",""
"2010","Malta","Thousand TOE (tonnes of oil equivalent)","Nuclear heat","Gross inland consumption","0.0",""
"2010","Netherlands","Thousand TOE (tonnes of oil equivalent)","Nuclear heat","Gross inland consumption","1,023.8",""
"2010","Austria","Thousand TOE (tonnes of oil equivalent)","Nuclear heat","Gross inland consumption","0.0",""
"2010","Poland","Thousand TOE (tonnes of oil equivalent)","Nuclear heat","Gross inland consumption","0.0",""
"2010","Portugal","Thousand TOE (tonnes of oil equivalent)","Nuclear heat","Gross inland consumption","0.0",""
"2010","Romania","Thousand TOE (tonnes of oil equivalent)","Nuclear heat","Gross inland consumption","2,998.2",""
"2010","Slovenia","Thousand TOE (tonnes of oil equivalent)","Nuclear heat","Gross inland consumption","1,459.2",""
"2010","Slovakia","Thousand TOE (tonnes of oil equivalent)","Nuclear heat","Gross inland consumption","3,819.1",""
"2010","Finland","Thousand TOE (tonnes of oil equivalent)","Nuclear heat","Gross inland consumption","5,881.3",""
"2010","Sweden","Thousand TOE (tonnes of oil equivalent)","Nuclear heat","Gross inland consumption","14,916.9",""
"2010","United Kingdom","Thousand TOE (tonnes of oil equivalent)","Nuclear heat","Gross inland consumption","16,029.2",""
"2010","Iceland","Thousand TOE (tonnes of oil equivalent)","Nuclear heat","Gross inland consumption","0.0",""
"2010","Norway","Thousand TOE (tonnes of oil equivalent)","Nuclear heat","Gross inland consumption","0.0",""
"2010","Montenegro","Thousand TOE (tonnes of oil equivalent)","Nuclear heat","Gross inland consumption","0.0",""
"2010","Former Yugoslav Republic of Macedonia, the","Thousand TOE (tonnes of oil equivalent)","Nuclear heat","Gross inland consumption","0.0",""
"2010","Albania","Thousand TOE (tonnes of oil equivalent)","Nuclear heat","Gross inland consumption","0.0",""
"2010","Serbia","Thousand TOE (tonnes of oil equivalent)","Nuclear heat","Gross inland consumption","0.0",""
"2010","Turkey","Thousand TOE (tonnes of oil equivalent)","Nuclear heat","Gross inland consumption","0.0",""
"2010","Kosovo (under United Nations Security Council Resolution 1244/99)","Thousand TOE (tonnes of oil equivalent)","Nuclear heat","Gross inland consumption","0.0",""
"2010","Moldova","Thousand TOE (tonnes of oil equivalent)","Nuclear heat","Gross inland consumption","0.0",""
"2010","Ukraine","Thousand TOE (tonnes of oil equivalent)","Nuclear heat","Gross inland consumption","23,150.2",""
"2011","European Union (28 countries)","Thousand TOE (tonnes of oil equivalent)","Nuclear heat","Gross inland consumption","234,006.7",""
"2011","Euro area (19 countries)","Thousand TOE (tonnes of oil equivalent)","Nuclear heat","Gross inland consumption","181,977.1",""
"2011","Belgium","Thousand TOE (tonnes of oil equivalent)","Nuclear heat","Gross inland consumption","12,442.1",""
"2011","Bulgaria","Thousand TOE (tonnes of oil equivalent)","Nuclear heat","Gross inland consumption","4,230.3",""
"2011","Czech Republic","Thousand TOE (tonnes of oil equivalent)","Nuclear heat","Gross inland consumption","7,317.7",""
"2011","Denmark","Thousand TOE (tonnes of oil equivalent)","Nuclear heat","Gross inland consumption","0.0",""
"2011","Germany (until 1990 former territory of the FRG)","Thousand TOE (tonnes of oil equivalent)","Nuclear heat","Gross inland consumption","27,851.5",""
"2011","Estonia","Thousand TOE (tonnes of oil equivalent)","Nuclear heat","Gross inland consumption","0.0",""
"2011","Ireland","Thousand TOE (tonnes of oil equivalent)","Nuclear heat","Gross inland consumption","0.0",""
"2011","Greece","Thousand TOE (tonnes of oil equivalent)","Nuclear heat","Gross inland consumption","0.0",""
"2011","Spain","Thousand TOE (tonnes of oil equivalent)","Nuclear heat","Gross inland consumption","14,888.6",""
"2011","France","Thousand TOE (tonnes of oil equivalent)","Nuclear heat","Gross inland consumption","114,114.3",""
"2011","Croatia","Thousand TOE (tonnes of oil equivalent)","Nuclear heat","Gross inland consumption","0.0",""
"2011","Italy","Thousand TOE (tonnes of oil equivalent)","Nuclear heat","Gross inland consumption","0.0",""
"2011","Cyprus","Thousand TOE (tonnes of oil equivalent)","Nuclear heat","Gross inland consumption","0.0",""
"2011","Latvia","Thousand TOE (tonnes of oil equivalent)","Nuclear heat","Gross inland consumption","0.0",""
"2011","Lithuania","Thousand TOE (tonnes of oil equivalent)","Nuclear heat","Gross inland consumption","0.0",""
"2011","Luxembourg","Thousand TOE (tonnes of oil equivalent)","Nuclear heat","Gross inland consumption","0.0",""
"2011","Hungary","Thousand TOE (tonnes of oil equivalent)","Nuclear heat","Gross inland consumption","4,058.1",""
"2011","Malta","Thousand TOE (tonnes of oil equivalent)","Nuclear heat","Gross inland consumption","0.0",""
"2011","Netherlands","Thousand TOE (tonnes of oil equivalent)","Nuclear heat","Gross inland consumption","1,068.2",""
"2011","Austria","Thousand TOE (tonnes of oil equivalent)","Nuclear heat","Gross inland consumption","0.0",""
"2011","Poland","Thousand TOE (tonnes of oil equivalent)","Nuclear heat","Gross inland consumption","0.0",""
"2011","Portugal","Thousand TOE (tonnes of oil equivalent)","Nuclear heat","Gross inland consumption","0.0",""
"2011","Romania","Thousand TOE (tonnes of oil equivalent)","Nuclear heat","Gross inland consumption","3,030.2",""
"2011","Slovenia","Thousand TOE (tonnes of oil equivalent)","Nuclear heat","Gross inland consumption","1,603.2",""
"2011","Slovakia","Thousand TOE (tonnes of oil equivalent)","Nuclear heat","Gross inland consumption","4,028.1",""
"2011","Finland","Thousand TOE (tonnes of oil equivalent)","Nuclear heat","Gross inland consumption","5,981.2",""
"2011","Sweden","Thousand TOE (tonnes of oil equivalent)","Nuclear heat","Gross inland consumption","15,599.7",""
"2011","United Kingdom","Thousand TOE (tonnes of oil equivalent)","Nuclear heat","Gross inland consumption","17,793.6",""
"2011","Iceland","Thousand TOE (tonnes of oil equivalent)","Nuclear heat","Gross inland consumption","0.0",""
"2011","Norway","Thousand TOE (tonnes of oil equivalent)","Nuclear heat","Gross inland consumption","0.0",""
"2011","Montenegro","Thousand TOE (tonnes of oil equivalent)","Nuclear heat","Gross inland consumption","0.0",""
"2011","Former Yugoslav Republic of Macedonia, the","Thousand TOE (tonnes of oil equivalent)","Nuclear heat","Gross inland consumption","0.0",""
"2011","Albania","Thousand TOE (tonnes of oil equivalent)","Nuclear heat","Gross inland consumption","0.0",""
"2011","Serbia","Thousand TOE (tonnes of oil equivalent)","Nuclear heat","Gross inland consumption","0.0",""
"2011","Turkey","Thousand TOE (tonnes of oil equivalent)","Nuclear heat","Gross inland consumption","0.0",""
"2011","Kosovo (under United Nations Security Council Resolution 1244/99)","Thousand TOE (tonnes of oil equivalent)","Nuclear heat","Gross inland consumption","0.0",""
"2011","Moldova","Thousand TOE (tonnes of oil equivalent)","Nuclear heat","Gross inland consumption","0.0",""
"2011","Ukraine","Thousand TOE (tonnes of oil equivalent)","Nuclear heat","Gross inland consumption","23,432.7",""
"2012","European Union (28 countries)","Thousand TOE (tonnes of oil equivalent)","Nuclear heat","Gross inland consumption","227,718.5",""
"2012","Euro area (19 countries)","Thousand TOE (tonnes of oil equivalent)","Nuclear heat","Gross inland consumption","174,054.6",""
"2012","Belgium","Thousand TOE (tonnes of oil equivalent)","Nuclear heat","Gross inland consumption","10,394.2",""
"2012","Bulgaria","Thousand TOE (tonnes of oil equivalent)","Nuclear heat","Gross inland consumption","4,094.2",""
"2012","Czech Republic","Thousand TOE (tonnes of oil equivalent)","Nuclear heat","Gross inland consumption","7,845.6",""
"2012","Denmark","Thousand TOE (tonnes of oil equivalent)","Nuclear heat","Gross inland consumption","0.0",""
"2012","Germany (until 1990 former territory of the FRG)","Thousand TOE (tonnes of oil equivalent)","Nuclear heat","Gross inland consumption","25,656.1",""
"2012","Estonia","Thousand TOE (tonnes of oil equivalent)","Nuclear heat","Gross inland consumption","0.0",""
"2012","Ireland","Thousand TOE (tonnes of oil equivalent)","Nuclear heat","Gross inland consumption","0.0",""
"2012","Greece","Thousand TOE (tonnes of oil equivalent)","Nuclear heat","Gross inland consumption","0.0",""
"2012","Spain","Thousand TOE (tonnes of oil equivalent)","Nuclear heat","Gross inland consumption","15,856.4",""
"2012","France","Thousand TOE (tonnes of oil equivalent)","Nuclear heat","Gross inland consumption","109,735.0",""
"2012","Croatia","Thousand TOE (tonnes of oil equivalent)","Nuclear heat","Gross inland consumption","0.0",""
"2012","Italy","Thousand TOE (tonnes of oil equivalent)","Nuclear heat","Gross inland consumption","0.0",""
"2012","Cyprus","Thousand TOE (tonnes of oil equivalent)","Nuclear heat","Gross inland consumption","0.0",""
"2012","Latvia","Thousand TOE (tonnes of oil equivalent)","Nuclear heat","Gross inland consumption","0.0",""
"2012","Lithuania","Thousand TOE (tonnes of oil equivalent)","Nuclear heat","Gross inland consumption","0.0",""
"2012","Luxembourg","Thousand TOE (tonnes of oil equivalent)","Nuclear heat","Gross inland consumption","0.0",""
"2012","Hungary","Thousand TOE (tonnes of oil equivalent)","Nuclear heat","Gross inland consumption","4,086.5",""
"2012","Malta","Thousand TOE (tonnes of oil equivalent)","Nuclear heat","Gross inland consumption","0.0",""
"2012","Netherlands","Thousand TOE (tonnes of oil equivalent)","Nuclear heat","Gross inland consumption","1,009.9",""
"2012","Austria","Thousand TOE (tonnes of oil equivalent)","Nuclear heat","Gross inland consumption","0.0",""
"2012","Poland","Thousand TOE (tonnes of oil equivalent)","Nuclear heat","Gross inland consumption","0.0",""
"2012","Portugal","Thousand TOE (tonnes of oil equivalent)","Nuclear heat","Gross inland consumption","0.0",""
"2012","Romania","Thousand TOE (tonnes of oil equivalent)","Nuclear heat","Gross inland consumption","2,957.7",""
"2012","Slovenia","Thousand TOE (tonnes of oil equivalent)","Nuclear heat","Gross inland consumption","1,426.0",""
"2012","Slovakia","Thousand TOE (tonnes of oil equivalent)","Nuclear heat","Gross inland consumption","4,047.5",""
"2012","Finland","Thousand TOE (tonnes of oil equivalent)","Nuclear heat","Gross inland consumption","5,929.6",""
"2012","Sweden","Thousand TOE (tonnes of oil equivalent)","Nuclear heat","Gross inland consumption","16,518.6",""
"2012","United Kingdom","Thousand TOE (tonnes of oil equivalent)","Nuclear heat","Gross inland consumption","18,161.2",""
"2012","Iceland","Thousand TOE (tonnes of oil equivalent)","Nuclear heat","Gross inland consumption","0.0",""
"2012","Norway","Thousand TOE (tonnes of oil equivalent)","Nuclear heat","Gross inland consumption","0.0",""
"2012","Montenegro","Thousand TOE (tonnes of oil equivalent)","Nuclear heat","Gross inland consumption","0.0",""
"2012","Former Yugoslav Republic of Macedonia, the","Thousand TOE (tonnes of oil equivalent)","Nuclear heat","Gross inland consumption","0.0",""
"2012","Albania","Thousand TOE (tonnes of oil equivalent)","Nuclear heat","Gross inland consumption","0.0",""
"2012","Serbia","Thousand TOE (tonnes of oil equivalent)","Nuclear heat","Gross inland consumption","0.0",""
"2012","Turkey","Thousand TOE (tonnes of oil equivalent)","Nuclear heat","Gross inland consumption","0.0",""
"2012","Kosovo (under United Nations Security Council Resolution 1244/99)","Thousand TOE (tonnes of oil equivalent)","Nuclear heat","Gross inland consumption","0.0",""
"2012","Moldova","Thousand TOE (tonnes of oil equivalent)","Nuclear heat","Gross inland consumption","0.0",""
"2012","Ukraine","Thousand TOE (tonnes of oil equivalent)","Nuclear heat","Gross inland consumption","23,413.7",""
"2013","European Union (28 countries)","Thousand TOE (tonnes of oil equivalent)","Nuclear heat","Gross inland consumption","226,285.1",""
"2013","Euro area (19 countries)","Thousand TOE (tonnes of oil equivalent)","Nuclear heat","Gross inland consumption","172,328.7",""
"2013","Belgium","Thousand TOE (tonnes of oil equivalent)","Nuclear heat","Gross inland consumption","11,000.2",""
"2013","Bulgaria","Thousand TOE (tonnes of oil equivalent)","Nuclear heat","Gross inland consumption","3,671.1",""
"2013","Czech Republic","Thousand TOE (tonnes of oil equivalent)","Nuclear heat","Gross inland consumption","7,955.5",""
"2013","Denmark","Thousand TOE (tonnes of oil equivalent)","Nuclear heat","Gross inland consumption","0.0",""
"2013","Germany (until 1990 former territory of the FRG)","Thousand TOE (tonnes of oil equivalent)","Nuclear heat","Gross inland consumption","25,096.3",""
"2013","Estonia","Thousand TOE (tonnes of oil equivalent)","Nuclear heat","Gross inland consumption","0.0",""
"2013","Ireland","Thousand TOE (tonnes of oil equivalent)","Nuclear heat","Gross inland consumption","0.0",""
"2013","Greece","Thousand TOE (tonnes of oil equivalent)","Nuclear heat","Gross inland consumption","0.0",""
"2013","Spain","Thousand TOE (tonnes of oil equivalent)","Nuclear heat","Gross inland consumption","14,632.7",""
"2013","France","Thousand TOE (tonnes of oil equivalent)","Nuclear heat","Gross inland consumption","109,291.1",""
"2013","Croatia","Thousand TOE (tonnes of oil equivalent)","Nuclear heat","Gross inland consumption","0.0",""
"2013","Italy","Thousand TOE (tonnes of oil equivalent)","Nuclear heat","Gross inland consumption","0.0",""
"2013","Cyprus","Thousand TOE (tonnes of oil equivalent)","Nuclear heat","Gross inland consumption","0.0",""
"2013","Latvia","Thousand TOE (tonnes of oil equivalent)","Nuclear heat","Gross inland consumption","0.0",""
"2013","Lithuania","Thousand TOE (tonnes of oil equivalent)","Nuclear heat","Gross inland consumption","0.0",""
"2013","Luxembourg","Thousand TOE (tonnes of oil equivalent)","Nuclear heat","Gross inland consumption","0.0",""
"2013","Hungary","Thousand TOE (tonnes of oil equivalent)","Nuclear heat","Gross inland consumption","3,976.8",""
"2013","Malta","Thousand TOE (tonnes of oil equivalent)","Nuclear heat","Gross inland consumption","0.0",""
"2013","Netherlands","Thousand TOE (tonnes of oil equivalent)","Nuclear heat","Gross inland consumption","745.7",""
"2013","Austria","Thousand TOE (tonnes of oil equivalent)","Nuclear heat","Gross inland consumption","0.0",""
"2013","Poland","Thousand TOE (tonnes of oil equivalent)","Nuclear heat","Gross inland consumption","0.0",""
"2013","Portugal","Thousand TOE (tonnes of oil equivalent)","Nuclear heat","Gross inland consumption","0.0",""
"2013","Romania","Thousand TOE (tonnes of oil equivalent)","Nuclear heat","Gross inland consumption","2,996.9",""
"2013","Slovenia","Thousand TOE (tonnes of oil equivalent)","Nuclear heat","Gross inland consumption","1,367.2",""
"2013","Slovakia","Thousand TOE (tonnes of oil equivalent)","Nuclear heat","Gross inland consumption","4,106.3",""
"2013","Finland","Thousand TOE (tonnes of oil equivalent)","Nuclear heat","Gross inland consumption","6,089.3",""
"2013","Sweden","Thousand TOE (tonnes of oil equivalent)","Nuclear heat","Gross inland consumption","17,142.8",""
"2013","United Kingdom","Thousand TOE (tonnes of oil equivalent)","Nuclear heat","Gross inland consumption","18,213.3",""
"2013","Iceland","Thousand TOE (tonnes of oil equivalent)","Nuclear heat","Gross inland consumption","0.0",""
"2013","Norway","Thousand TOE (tonnes of oil equivalent)","Nuclear heat","Gross inland consumption","0.0",""
"2013","Montenegro","Thousand TOE (tonnes of oil equivalent)","Nuclear heat","Gross inland consumption","0.0",""
"2013","Former Yugoslav Republic of Macedonia, the","Thousand TOE (tonnes of oil equivalent)","Nuclear heat","Gross inland consumption","0.0",""
"2013","Albania","Thousand TOE (tonnes of oil equivalent)","Nuclear heat","Gross inland consumption","0.0",""
"2013","Serbia","Thousand TOE (tonnes of oil equivalent)","Nuclear heat","Gross inland consumption","0.0",""
"2013","Turkey","Thousand TOE (tonnes of oil equivalent)","Nuclear heat","Gross inland consumption","0.0",""
"2013","Kosovo (under United Nations Security Council Resolution 1244/99)","Thousand TOE (tonnes of oil equivalent)","Nuclear heat","Gross inland consumption","0.0",""
"2013","Moldova","Thousand TOE (tonnes of oil equivalent)","Nuclear heat","Gross inland consumption","0.0",""
"2013","Ukraine","Thousand TOE (tonnes of oil equivalent)","Nuclear heat","Gross inland consumption","21,627.4",""
"2014","European Union (28 countries)","Thousand TOE (tonnes of oil equivalent)","Nuclear heat","Gross inland consumption","226,131.9",""
"2014","Euro area (19 countries)","Thousand TOE (tonnes of oil equivalent)","Nuclear heat","Gross inland consumption","173,942.5",""
"2014","Belgium","Thousand TOE (tonnes of oil equivalent)","Nuclear heat","Gross inland consumption","8,693.8",""
"2014","Bulgaria","Thousand TOE (tonnes of oil equivalent)","Nuclear heat","Gross inland consumption","4,107.4",""
"2014","Czech Republic","Thousand TOE (tonnes of oil equivalent)","Nuclear heat","Gross inland consumption","7,843.3",""
"2014","Denmark","Thousand TOE (tonnes of oil equivalent)","Nuclear heat","Gross inland consumption","0.0",""
"2014","Germany (until 1990 former territory of the FRG)","Thousand TOE (tonnes of oil equivalent)","Nuclear heat","Gross inland consumption","25,054.8",""
"2014","Estonia","Thousand TOE (tonnes of oil equivalent)","Nuclear heat","Gross inland consumption","0.0",""
"2014","Ireland","Thousand TOE (tonnes of oil equivalent)","Nuclear heat","Gross inland consumption","0.0",""
"2014","Greece","Thousand TOE (tonnes of oil equivalent)","Nuclear heat","Gross inland consumption","0.0",""
"2014","Spain","Thousand TOE (tonnes of oil equivalent)","Nuclear heat","Gross inland consumption","14,782.0",""
"2014","France","Thousand TOE (tonnes of oil equivalent)","Nuclear heat","Gross inland consumption","112,590.0",""
"2014","Croatia","Thousand TOE (tonnes of oil equivalent)","Nuclear heat","Gross inland consumption","0.0",""
"2014","Italy","Thousand TOE (tonnes of oil equivalent)","Nuclear heat","Gross inland consumption","0.0",""
"2014","Cyprus","Thousand TOE (tonnes of oil equivalent)","Nuclear heat","Gross inland consumption","0.0",""
"2014","Latvia","Thousand TOE (tonnes of oil equivalent)","Nuclear heat","Gross inland consumption","0.0",""
"2014","Lithuania","Thousand TOE (tonnes of oil equivalent)","Nuclear heat","Gross inland consumption","0.0",""
"2014","Luxembourg","Thousand TOE (tonnes of oil equivalent)","Nuclear heat","Gross inland consumption","0.0",""
"2014","Hungary","Thousand TOE (tonnes of oil equivalent)","Nuclear heat","Gross inland consumption","4,047.6",""
"2014","Malta","Thousand TOE (tonnes of oil equivalent)","Nuclear heat","Gross inland consumption","0.0",""
"2014","Netherlands","Thousand TOE (tonnes of oil equivalent)","Nuclear heat","Gross inland consumption","1,055.3",""
"2014","Austria","Thousand TOE (tonnes of oil equivalent)","Nuclear heat","Gross inland consumption","0.0",""
"2014","Poland","Thousand TOE (tonnes of oil equivalent)","Nuclear heat","Gross inland consumption","0.0",""
"2014","Portugal","Thousand TOE (tonnes of oil equivalent)","Nuclear heat","Gross inland consumption","0.0",""
"2014","Romania","Thousand TOE (tonnes of oil equivalent)","Nuclear heat","Gross inland consumption","3,011.9",""
"2014","Slovenia","Thousand TOE (tonnes of oil equivalent)","Nuclear heat","Gross inland consumption","1,643.2",""
"2014","Slovakia","Thousand TOE (tonnes of oil equivalent)","Nuclear heat","Gross inland consumption","4,040.9",""
"2014","Finland","Thousand TOE (tonnes of oil equivalent)","Nuclear heat","Gross inland consumption","6,082.5",""
"2014","Sweden","Thousand TOE (tonnes of oil equivalent)","Nuclear heat","Gross inland consumption","16,735.3",""
"2014","United Kingdom","Thousand TOE (tonnes of oil equivalent)","Nuclear heat","Gross inland consumption","16,444.0",""
"2014","Iceland","Thousand TOE (tonnes of oil equivalent)","Nuclear heat","Gross inland consumption","0.0",""
"2014","Norway","Thousand TOE (tonnes of oil equivalent)","Nuclear heat","Gross inland consumption","0.0",""
"2014","Montenegro","Thousand TOE (tonnes of oil equivalent)","Nuclear heat","Gross inland consumption","0.0",""
"2014","Former Yugoslav Republic of Macedonia, the","Thousand TOE (tonnes of oil equivalent)","Nuclear heat","Gross inland consumption","0.0",""
"2014","Albania","Thousand TOE (tonnes of oil equivalent)","Nuclear heat","Gross inland consumption","0.0",""
"2014","Serbia","Thousand TOE (tonnes of oil equivalent)","Nuclear heat","Gross inland consumption","0.0",""
"2014","Turkey","Thousand TOE (tonnes of oil equivalent)","Nuclear heat","Gross inland consumption","0.0",""
"2014","Kosovo (under United Nations Security Council Resolution 1244/99)","Thousand TOE (tonnes of oil equivalent)","Nuclear heat","Gross inland consumption","0.0",""
"2014","Moldova","Thousand TOE (tonnes of oil equivalent)","Nuclear heat","Gross inland consumption","0.0",""
"2014","Ukraine","Thousand TOE (tonnes of oil equivalent)","Nuclear heat","Gross inland consumption","22,957.1",""
