TIME,GEO,Agriculture,Mining,Manufacturing,Electricity_Gas_Steam,Water_management,Transportation_Storage,Accomodation_Food,Information_Communication,Financial_Insurance,RealEstate,Professional_Scientific_Technical,Administration_Defence_SocialSecurity,Education,Health_SocialWork,Arts_Entertainment,OtherService,Households_Employers,Extraterritorial_Org
2004,European Union (28 countries),-1,-1,-1,-1,-1,-1,-1,-1,-1,-1,-1,-1,-1,-1,-1,-1,-1,-1,-1,-1
2004,European Union (27 countries),-1,-1,-1,-1,-1,-1,-1,-1,-1,-1,-1,-1,-1,-1,-1,-1,-1,-1,-1,-1
2004,Belgium,2771869,14394,45156202,24242852,703096,3053350,16348424,622926,605551,216211,121521,939936,1532018,1613880,840137,765062,210235,367242,0,0
2004,Bulgaria,-1,-1,-1,-1,-1,-1,-1,-1,-1,-1,-1,-1,-1,-1,-1,-1,-1,-1,-1,-1
2004,Czech Republic,-1,-1,-1,-1,-1,-1,-1,-1,-1,-1,-1,-1,-1,-1,-1,-1,-1,-1,-1,-1
2004,Denmark,2466531,2568145,7819421,23400971,1000948,1136978,30641024,114486,100079,68929,108686,196248,249409,424680,137708,223411,77123,116572,0,0
2004,Germany (until 1990 former territory of the FRG),-1,-1,-1,-1,-1,-1,-1,-1,-1,-1,-1,-1,-1,-1,-1,-1,-1,-1,-1,-1
2004,Estonia,-1,-1,-1,-1,-1,-1,-1,-1,-1,-1,-1,-1,-1,-1,-1,-1,-1,-1,-1,-1
2004,Ireland,1457084,349399,8745561,14739250,73389,1591653,3390942,405954,127195,73574,34864,156895,114211,498937,316284,112515,32615,105649,0,0
2004,Greece,-1,-1,-1,-1,-1,-1,-1,-1,-1,-1,-1,-1,-1,-1,-1,-1,-1,-1,-1,-1
2004,Spain,-1,-1,-1,-1,-1,-1,-1,-1,-1,-1,-1,-1,-1,-1,-1,-1,-1,-1,-1,-1
2004,France,-1,-1,-1,-1,-1,-1,-1,-1,-1,-1,-1,-1,-1,-1,-1,-1,-1,-1,-1,-1
2004,Croatia,-1,-1,-1,-1,-1,-1,-1,-1,-1,-1,-1,-1,-1,-1,-1,-1,-1,-1,-1,-1
2004,Italy,9149865,1773669,143613862,140512679,8459563,9711999,51353336,1979655,316020,552336,240756,1096065,3118419,2301612,47854,1301674,434509,805001,0,0
2004,Cyprus,-1,-1,-1,-1,-1,-1,-1,-1,-1,-1,-1,-1,-1,-1,-1,-1,-1,-1,-1,-1
2004,Latvia,-1,-1,-1,-1,-1,-1,-1,-1,-1,-1,-1,-1,-1,-1,-1,-1,-1,-1,-1,-1
2004,Lithuania,-1,-1,-1,-1,-1,-1,-1,-1,-1,-1,-1,-1,-1,-1,-1,-1,-1,-1,-1,-1
2004,Luxembourg,-1,-1,-1,-1,-1,-1,-1,-1,-1,-1,-1,-1,-1,-1,-1,-1,-1,-1,-1,-1
2004,Hungary,1770105,528432,10889546,20686945,262179,1402505,3793654,179913,556126,401849,720101,467248,389822,947784,526434,436121,105060,159835,1707,0
2004,Malta,9959,6231,51619,1951654,6535,33099,2647826,3348,4263,3023,2167,6367,17648,5834,1996,3818,1306,2598,0,307
2004,Netherlands,9314973,2546419,46878961,56593880,7349422,5239253,27900437,1118722,343878,785504,773401,1019609,2217131,2601505,949113,1856448,670238,756775,0,0
2004,Austria,-1,-1,-1,-1,-1,-1,-1,-1,-1,-1,-1,-1,-1,-1,-1,-1,-1,-1,-1,-1
2004,Poland,-1,-1,-1,-1,-1,-1,-1,-1,-1,-1,-1,-1,-1,-1,-1,-1,-1,-1,-1,-1
2004,Portugal,1974600,369900,18846300,19499700,592200,3356600,6614100,534800,83900,120300,29400,112700,276700,846900,178900,974100,113400,105300,0,0
2004,Romania,-1,-1,-1,-1,-1,-1,-1,-1,-1,-1,-1,-1,-1,-1,-1,-1,-1,-1,-1,-1
2004,Slovenia,-1,-1,-1,-1,-1,-1,-1,-1,-1,-1,-1,-1,-1,-1,-1,-1,-1,-1,-1,-1
2004,Slovakia,-1,-1,-1,-1,-1,-1,-1,-1,-1,-1,-1,-1,-1,-1,-1,-1,-1,-1,-1,-1
2004,Finland,-1,-1,-1,-1,-1,-1,-1,-1,-1,-1,-1,-1,-1,-1,-1,-1,-1,-1,-1,-1
2004,Sweden,-1,-1,-1,-1,-1,-1,-1,-1,-1,-1,-1,-1,-1,-1,-1,-1,-1,-1,-1,-1
2004,United Kingdom,6870096,22833231,116859387,176683805,3286180,12384253,94524956,3231763,1352832,146301,707404,2191371,2497928,8898972,3401873,4674022,1415185,1309977,213471,0
2004,Norway,2080536,13604679,12642686,647925,74586,479545,19317893,64055,21366,142511,23376,0,0,352692,131209,342258,0,383135,0,0
2004,Switzerland,921462,82646,9022007,683598,2227242,2004247,5870226,785200,208897,505191,211252,579820,286322,1442147,70955,837368,249976,333343,0,0
2004,Serbia,-1,-1,-1,-1,-1,-1,-1,-1,-1,-1,-1,-1,-1,-1,-1,-1,-1,-1,-1,-1
2004,Turkey,10129133,2320320,107557183,61409884,739418,636451,15343762,31927,54045,76357,50155,129712,964947,51982,48405,52983,18439,95539,0,21932
2005,European Union (28 countries),-1,-1,-1,-1,-1,-1,-1,-1,-1,-1,-1,-1,-1,-1,-1,-1,-1,-1,-1,-1
2005,European Union (27 countries),-1,-1,-1,-1,-1,-1,-1,-1,-1,-1,-1,-1,-1,-1,-1,-1,-1,-1,-1,-1
2005,Belgium,2734292,2781,43094386,24494762,754871,3113754,14189631,582367,564564,217902,115680,911714,1679599,1722142,890414,761127,201016,397757,0,0
2005,Bulgaria,-1,-1,-1,-1,-1,-1,-1,-1,-1,-1,-1,-1,-1,-1,-1,-1,-1,-1,-1,-1
2005,Czech Republic,-1,-1,-1,-1,-1,-1,-1,-1,-1,-1,-1,-1,-1,-1,-1,-1,-1,-1,-1,-1
2005,Denmark,2649865,2408195,7423100,20124446,1009699,1177232,38823666,125429,109084,71636,105232,184686,273374,480208,143803,228470,78801,111595,0,0
2005,Germany (until 1990 former territory of the FRG),-1,-1,-1,-1,-1,-1,-1,-1,-1,-1,-1,-1,-1,-1,-1,-1,-1,-1,-1,-1
2005,Estonia,-1,-1,-1,-1,-1,-1,-1,-1,-1,-1,-1,-1,-1,-1,-1,-1,-1,-1,-1,-1
2005,Ireland,1517901,311329,9084220,15138530,81814,1639844,3584083,447400,146253,86620,48530,148803,123451,545532,346429,119702,39545,115978,0,0
2005,Greece,-1,-1,-1,-1,-1,-1,-1,-1,-1,-1,-1,-1,-1,-1,-1,-1,-1,-1,-1,-1
2005,Spain,-1,-1,-1,-1,-1,-1,-1,-1,-1,-1,-1,-1,-1,-1,-1,-1,-1,-1,-1,-1
2005,France,-1,-1,-1,-1,-1,-1,-1,-1,-1,-1,-1,-1,-1,-1,-1,-1,-1,-1,-1,-1
2005,Croatia,-1,-1,-1,-1,-1,-1,-1,-1,-1,-1,-1,-1,-1,-1,-1,-1,-1,-1,-1,-1
2005,Italy,9183490,2010673,140951651,138104484,8403002,9781906,53307761,2143008,308328,560721,257815,1082261,3097832,2480390,47495,1368910,454430,848502,0,0
2005,Cyprus,-1,-1,-1,-1,-1,-1,-1,-1,-1,-1,-1,-1,-1,-1,-1,-1,-1,-1,-1,-1
2005,Latvia,-1,-1,-1,-1,-1,-1,-1,-1,-1,-1,-1,-1,-1,-1,-1,-1,-1,-1,-1,-1
2005,Lithuania,-1,-1,-1,-1,-1,-1,-1,-1,-1,-1,-1,-1,-1,-1,-1,-1,-1,-1,-1,-1
2005,Luxembourg,-1,-1,-1,-1,-1,-1,-1,-1,-1,-1,-1,-1,-1,-1,-1,-1,-1,-1,-1,-1
2005,Hungary,1765412,613507,11439069,18758991,250971,1457880,4077684,165681,551707,422104,680281,445793,455046,916538,499027,408090,100923,155733,1394,0
2005,Malta,11678,5757,48693,1989924,5870,31439,3125138,3142,4016,2893,2069,6056,17502,5470,1908,3603,1232,2522,0,311
2005,Netherlands,9307161,2525644,47049220,55131828,7188191,4923113,28357580,988936,309584,706897,671063,946793,2278602,2324933,831013,1658862,604570,674503,0,0
2005,Austria,-1,-1,-1,-1,-1,-1,-1,-1,-1,-1,-1,-1,-1,-1,-1,-1,-1,-1,-1,-1
2005,Poland,-1,-1,-1,-1,-1,-1,-1,-1,-1,-1,-1,-1,-1,-1,-1,-1,-1,-1,-1,-1
2005,Portugal,2267100,360000,18655600,22594800,594500,3270200,6688600,516500,84600,113800,29900,116200,282000,829900,157600,839500,106500,98200,0,0
2005,Romania,-1,-1,-1,-1,-1,-1,-1,-1,-1,-1,-1,-1,-1,-1,-1,-1,-1,-1,-1,-1
2005,Slovenia,-1,-1,-1,-1,-1,-1,-1,-1,-1,-1,-1,-1,-1,-1,-1,-1,-1,-1,-1,-1
2005,Slovakia,-1,-1,-1,-1,-1,-1,-1,-1,-1,-1,-1,-1,-1,-1,-1,-1,-1,-1,-1,-1
2005,Finland,-1,-1,-1,-1,-1,-1,-1,-1,-1,-1,-1,-1,-1,-1,-1,-1,-1,-1,-1,-1
2005,Sweden,-1,-1,-1,-1,-1,-1,-1,-1,-1,-1,-1,-1,-1,-1,-1,-1,-1,-1,-1,-1
2005,United Kingdom,6674907,22726939,116969736,176836623,3642430,12311836,98558230,3197868,1353153,145957,701975,2230177,2615902,7743004,3684520,5087441,1508479,1345961,215425,0
2005,Norway,2037992,13429596,12168187,635400,90895,482241,17219231,67405,25030,130832,26961,0,0,304290,94058,296464,0,320189,0,0
2005,Switzerland,905403,80951,9137990,720534,2283714,2014553,5788524,777691,184781,519226,254730,636266,300943,1456614,69598,860168,242858,327122,0,0
2005,Serbia,-1,-1,-1,-1,-1,-1,-1,-1,-1,-1,-1,-1,-1,-1,-1,-1,-1,-1,-1,-1
2005,Turkey,10197674,2499735,112584807,78499613,781308,645534,14892419,32389,54827,77462,50880,131600,978911,52734,49105,53783,18706,96927,0,22249
2006,European Union (28 countries),-1,-1,-1,-1,-1,-1,-1,-1,-1,-1,-1,-1,-1,-1,-1,-1,-1,-1,-1,-1
2006,European Union (27 countries),-1,-1,-1,-1,-1,-1,-1,-1,-1,-1,-1,-1,-1,-1,-1,-1,-1,-1,-1,-1
2006,Belgium,2652182,7773,43387899,23197639,881419,2768464,13609694,478347,569916,237553,113478,845740,1489752,1597551,1037994,1061333,188964,354562,0,0
2006,Bulgaria,-1,-1,-1,-1,-1,-1,-1,-1,-1,-1,-1,-1,-1,-1,-1,-1,-1,-1,-1,-1
2006,Czech Republic,-1,-1,-1,-1,-1,-1,-1,-1,-1,-1,-1,-1,-1,-1,-1,-1,-1,-1,-1,-1
2006,Denmark,2563092,2402437,7735497,27768112,1048945,1179521,48773452,129237,102853,74313,111089,182856,280891,360312,144343,221198,78044,109547,0,0
2006,Germany (until 1990 former territory of the FRG),-1,-1,-1,-1,-1,-1,-1,-1,-1,-1,-1,-1,-1,-1,-1,-1,-1,-1,-1,-1
2006,Estonia,-1,-1,-1,-1,-1,-1,-1,-1,-1,-1,-1,-1,-1,-1,-1,-1,-1,-1,-1,-1
2006,Ireland,1444808,398959,8948766,14411840,78864,1575772,3845762,396557,135780,70372,41904,125799,129866,571633,326017,110157,41097,107141,0,0
2006,Greece,-1,-1,-1,-1,-1,-1,-1,-1,-1,-1,-1,-1,-1,-1,-1,-1,-1,-1,-1,-1
2006,Spain,-1,-1,-1,-1,-1,-1,-1,-1,-1,-1,-1,-1,-1,-1,-1,-1,-1,-1,-1,-1
2006,France,-1,-1,-1,-1,-1,-1,-1,-1,-1,-1,-1,-1,-1,-1,-1,-1,-1,-1,-1,-1
2006,Croatia,-1,-1,-1,-1,-1,-1,-1,-1,-1,-1,-1,-1,-1,-1,-1,-1,-1,-1,-1,-1
2006,Italy,9432299,1549510,140621247,139640376,7943804,8777819,57094383,2016701,265953,527403,257168,1017465,2745083,2854225,42151,1295576,428439,762592,0,0
2006,Cyprus,-1,-1,-1,-1,-1,-1,-1,-1,-1,-1,-1,-1,-1,-1,-1,-1,-1,-1,-1,-1
2006,Latvia,-1,-1,-1,-1,-1,-1,-1,-1,-1,-1,-1,-1,-1,-1,-1,-1,-1,-1,-1,-1
2006,Lithuania,-1,-1,-1,-1,-1,-1,-1,-1,-1,-1,-1,-1,-1,-1,-1,-1,-1,-1,-1,-1
2006,Luxembourg,-1,-1,-1,-1,-1,-1,-1,-1,-1,-1,-1,-1,-1,-1,-1,-1,-1,-1,-1,-1
2006,Hungary,1816477,621922,11566693,18850489,321684,1485319,4219534,145092,511596,371984,584848,416800,468090,830386,419446,337024,83549,135393,1326,0
2006,Malta,12045,5483,47201,2004681,5535,29569,1511548,2924,3748,2731,1949,5693,16942,5088,1799,3366,1152,2405,0,305
2006,Netherlands,8686957,2419627,46339619,50809380,7325883,5279330,27573897,1155560,343543,818082,765423,1047930,2421435,2467427,956918,1949892,689844,763115,0,0
2006,Austria,-1,-1,-1,-1,-1,-1,-1,-1,-1,-1,-1,-1,-1,-1,-1,-1,-1,-1,-1,-1
2006,Poland,-1,-1,-1,-1,-1,-1,-1,-1,-1,-1,-1,-1,-1,-1,-1,-1,-1,-1,-1,-1
2006,Portugal,2248700,326300,18490300,19619200,566800,2616100,6983900,519800,78300,117500,27300,113500,259600,757000,127400,664500,94600,90100,0,0
2006,Romania,-1,-1,-1,-1,-1,-1,-1,-1,-1,-1,-1,-1,-1,-1,-1,-1,-1,-1,-1,-1
2006,Slovenia,-1,-1,-1,-1,-1,-1,-1,-1,-1,-1,-1,-1,-1,-1,-1,-1,-1,-1,-1,-1
2006,Slovakia,-1,-1,-1,-1,-1,-1,-1,-1,-1,-1,-1,-1,-1,-1,-1,-1,-1,-1,-1,-1
2006,Finland,-1,-1,-1,-1,-1,-1,-1,-1,-1,-1,-1,-1,-1,-1,-1,-1,-1,-1,-1,-1
2006,Sweden,-1,-1,-1,-1,-1,-1,-1,-1,-1,-1,-1,-1,-1,-1,-1,-1,-1,-1,-1,-1
2006,United Kingdom,6548455,20968743,113037506,185485287,3525743,12242818,91725889,2956740,1297240,155180,662596,2040129,2662937,7982344,3763540,4299677,1309670,1301168,217094,0
2006,Norway,1951534,13272638,12163744,664177,111419,482575,21133327,68899,26225,114377,31518,0,0,295273,108166,308635,0,320535,0,0
2006,Switzerland,910867,83589,9282890,654952,2480547,1917872,6130258,707633,184199,497396,200513,536799,272947,1415789,68314,768839,213051,280745,0,0
2006,Serbia,-1,-1,-1,-1,-1,-1,-1,-1,-1,-1,-1,-1,-1,-1,-1,-1,-1,-1,-1,-1
2006,Turkey,10888921,2783948,119242432,88249715,889686,694359,16577726,35027,59293,83772,55025,142326,1058645,57029,53105,58185,20230,104826,0,24061
2007,European Union (28 countries),-1,-1,-1,-1,-1,-1,-1,-1,-1,-1,-1,-1,-1,-1,-1,-1,-1,-1,-1,-1
2007,European Union (27 countries),-1,-1,-1,-1,-1,-1,-1,-1,-1,-1,-1,-1,-1,-1,-1,-1,-1,-1,-1,-1
2007,Belgium,2372828,12668,42226479,22463835,1081941,2606592,13398582,420754,565979,274011,122932,833794,1388408,1540693,997292,1125743,184199,319392,0,0
2007,Bulgaria,-1,-1,-1,-1,-1,-1,-1,-1,-1,-1,-1,-1,-1,-1,-1,-1,-1,-1,-1,-1
2007,Czech Republic,-1,-1,-1,-1,-1,-1,-1,-1,-1,-1,-1,-1,-1,-1,-1,-1,-1,-1,-1,-1
2007,Denmark,2490526,2357283,7643939,22997855,1088530,1217009,50154211,144295,115911,71713,123321,194118,306348,419378,136051,208008,74720,108809,0,0
2007,Germany (until 1990 former territory of the FRG),-1,-1,-1,-1,-1,-1,-1,-1,-1,-1,-1,-1,-1,-1,-1,-1,-1,-1,-1,-1
2007,Estonia,-1,-1,-1,-1,-1,-1,-1,-1,-1,-1,-1,-1,-1,-1,-1,-1,-1,-1,-1,-1
2007,Ireland,1479027,384591,9063726,13933850,122253,1602238,3916890,377102,156463,72725,46612,129535,139981,545699,337813,119495,61813,109061,0,0
2007,Greece,-1,-1,-1,-1,-1,-1,-1,-1,-1,-1,-1,-1,-1,-1,-1,-1,-1,-1,-1,-1
2007,Spain,-1,-1,-1,-1,-1,-1,-1,-1,-1,-1,-1,-1,-1,-1,-1,-1,-1,-1,-1,-1
2007,France,-1,-1,-1,-1,-1,-1,-1,-1,-1,-1,-1,-1,-1,-1,-1,-1,-1,-1,-1,-1
2007,Croatia,-1,-1,-1,-1,-1,-1,-1,-1,-1,-1,-1,-1,-1,-1,-1,-1,-1,-1,-1,-1
2007,Italy,8835382,1828058,140155468,137663343,10061542,7300897,57248077,2017059,259480,479980,255548,864728,2159661,2413046,35399,1239993,399510,680231,0,0
2007,Cyprus,-1,-1,-1,-1,-1,-1,-1,-1,-1,-1,-1,-1,-1,-1,-1,-1,-1,-1,-1,-1
2007,Latvia,-1,-1,-1,-1,-1,-1,-1,-1,-1,-1,-1,-1,-1,-1,-1,-1,-1,-1,-1,-1
2007,Lithuania,-1,-1,-1,-1,-1,-1,-1,-1,-1,-1,-1,-1,-1,-1,-1,-1,-1,-1,-1,-1
2007,Luxembourg,-1,-1,-1,-1,-1,-1,-1,-1,-1,-1,-1,-1,-1,-1,-1,-1,-1,-1,-1,-1
2007,Hungary,1729354,609518,11686042,20050987,295326,1434631,4303217,127612,456529,281332,474412,335783,442090,705595,320783,259696,66848,115323,900,0
2007,Malta,13607,5770,48546,2046841,5917,33538,3184918,3402,4328,3057,2193,6448,17677,5930,2019,3875,1325,2618,0,306
2007,Netherlands,9243456,2262914,46941412,52667767,7754578,4985408,28850923,1010164,303724,714869,672017,972795,2475801,2255444,821569,1668048,608425,674854,0,0
2007,Austria,-1,-1,-1,-1,-1,-1,-1,-1,-1,-1,-1,-1,-1,-1,-1,-1,-1,-1,-1,-1
2007,Poland,-1,-1,-1,-1,-1,-1,-1,-1,-1,-1,-1,-1,-1,-1,-1,-1,-1,-1,-1,-1
2007,Portugal,2150100,373900,18786400,17088700,573900,2562800,6708000,576100,75800,114200,25000,112000,269000,779200,112800,664600,96900,90100,0,0
2007,Romania,-1,-1,-1,-1,-1,-1,-1,-1,-1,-1,-1,-1,-1,-1,-1,-1,-1,-1,-1,-1
2007,Slovenia,-1,-1,-1,-1,-1,-1,-1,-1,-1,-1,-1,-1,-1,-1,-1,-1,-1,-1,-1,-1
2007,Slovakia,-1,-1,-1,-1,-1,-1,-1,-1,-1,-1,-1,-1,-1,-1,-1,-1,-1,-1,-1,-1
2007,Finland,-1,-1,-1,-1,-1,-1,-1,-1,-1,-1,-1,-1,-1,-1,-1,-1,-1,-1,-1,-1
2007,Sweden,-1,-1,-1,-1,-1,-1,-1,-1,-1,-1,-1,-1,-1,-1,-1,-1,-1,-1,-1,-1
2007,United Kingdom,6498757,20723811,113054868,180864636,3423046,12521878,92752217,2864620,1306651,167133,637935,1983017,2719218,7909680,3629987,4204765,1256649,1222995,218707,0
2007,Norway,1889686,14656054,12078354,980625,110742,502175,22292245,73808,26985,101815,34699,0,0,223969,87200,284788,0,311934,0,0
2007,Switzerland,893344,80890,8960341,582208,2376059,1755572,6317196,693765,160452,429029,190539,512442,257442,1325535,62812,764423,240516,316875,0,0
2007,Serbia,-1,-1,-1,-1,-1,-1,-1,-1,-1,-1,-1,-1,-1,-1,-1,-1,-1,-1,-1,-1
2007,Turkey,11800061,3039105,121554559,105408793,991940,785850,19404827,39861,67476,95334,62619,161966,1204758,64900,60434,66203,23022,119292,0,27382
2008,European Union (28 countries),104387152,59306457,1031105657,1367342300,47442422,83553735,557787061,20497196,11235015,8123845,8426623,21562541,24476346,30994772,23017722,28312360,8140177,11437404,279640,864
2008,European Union (27 countries),103409440,58969630,1023722605,1361273032,47201268,82891169,556310654,20444853,11145717,8066276,8293052,21399642,24354243,30870871,22946400,28224584,8114251,11337248,275087,864
2008,Belgium,2166106,16912,42400119,20452500,1109055,2677086,11458407,492327,623217,354473,134025,968130,1359166,1589071,1005340,1217352,201396,326751,0,0
2008,Bulgaria,1169499,248853,9893193,34049425,84434,420280,4167711,61589,37868,29874,18259,53426,58684,82852,430057,133336,18022,17579,0,0
2008,Czech Republic,1188905,4564211,25708676,55955910,862230,910511,10126672,115104,110676,91432,1231676,158323,322753,625553,270647,406108,79171,61021,0,0
2008,Denmark,2537516,2139257,6796945,20837400,1172915,1098741,48072406,130598,128719,73360,108726,181695,275771,283657,120576,199032,64117,94360,0,0
2008,Germany (until 1990 former territory of the FRG),12302593,10757833,178297945,356336072,8985308,17706054,89519686,3817442,4219191,2184668,1162283,8548420,1200850,3496254,5426925,7507678,2924175,4364539,0,0
2008,Estonia,221840,118802,2343711,12001140,37874,138156,1549901,22562,11947,5133,66085,35102,35797,177428,52806,18761,16828,15245,0,0
2008,Ireland,1408126,360299,8606982,14007230,374530,1625617,3352864,440973,156225,72050,41181,98220,137089,562086,368391,127110,75384,113486,0,0
2008,Greece,2508200,5813,21943462,53883250,3680,445479,8377159,132067,43550,50142,5162,112600,52684,264591,155529,117896,23513,102115,34849,0
2008,Spain,11422643,4835314,98365487,90811247,1023806,4333181,52371061,1440282,422112,209451,68697,343716,1819783,1506195,783694,619372,59606,207584,0,0
2008,France,14376624,1545615,119283308,39925081,10053779,9288138,46009335,3874185,1257401,1262757,574617,3037096,7808505,4071320,3307162,5013426,653455,1126831,0,0
2008,Croatia,977712,336828,7383052,6069268,241154,662566,1476407,52343,89297,57569,133571,162898,122103,123901,71322,87776,25926,100156,4553,0
2008,Italy,8493191,2513114,136335227,132204359,9045541,7529530,58804051,2240579,273561,508227,278958,899881,2186935,2311280,37729,1354641,431598,724324,0,0
2008,Cyprus,88912,38616,1807971,3993374,9296,182788,929112,54560,8022,29238,4016,14929,32944,61550,43020,6904,7713,14660,0,0
2008,Latvia,453222,45348,1453565,2018980,38732,532256,3144292,33703,22944,13534,48551,58694,87579,117213,41877,55909,35194,16174,0,0
2008,Lithuania,237936,12100,5593499,3192452,10909,113105,5458139,14247,10851,8665,12529,22830,22610,53949,53297,33119,8211,14294,824,459
2008,Luxembourg,56200,7600,1735302,1130600,30700,186100,3606700,23000,45600,263000,5800,22798,19235,22700,23800,32200,15300,5587,0,0
2008,Hungary,1762429,633741,11487164,19075440,292681,1516554,4093370,119888,431005,251054,443426,334515,446383,684461,292071,235142,63185,112257,674,0
2008,Malta,13652,5580,47551,2003835,5756,35775,2630891,3662,4643,3237,2327,6864,18135,6387,2140,4155,1419,2739,0,308
2008,Netherlands,9998256,2223304,46284644,52676800,8600109,5233259,29458435,1108053,322038,753120,739824,1054061,2536403,2349796,924054,1860303,666335,738040,0,0
2008,Austria,1571518,1262981,28220382,10392373,263277,1315929,6692475,522769,163301,107459,51026,204399,279961,280933,835683,289550,234201,358415,0,0
2008,Poland,16906003,3036441,64664262,159866857,405187,7107669,24286513,851695,722716,1078958,597458,1465275,1161120,2849318,3280591,2259921,452046,645361,0,0
2008,Portugal,2095300,351200,18132200,16431800,593300,2417500,6743300,597300,75900,126000,22800,119500,268000,631700,107800,623300,93900,88400,0,0
2008,Romania,975012,1604824,32808136,39901256,687658,1813043,9805205,158942,285136,218381,466384,519886,373684,446606,237008,311643,86876,294035,18429,79
2008,Slovenia,257494,156012,4160379,8658913,4809,0,4456439,94110,12295,33004,88005,47440,43207,16226,104257,105118,33004,56926,0,0
2008,Slovakia,150777,668893,19922104,7415202,59831,1131415,5468433,27084,2841,5321,94159,54775,8752,362109,722245,179845,23371,24065,0,0
2008,Finland,2081801,343786,17452125,20790604,292585,87508,11167706,11454,68197,87053,821022,25598,460382,488108,70562,135171,65078,140220,0,0
2008,Sweden,2635432,1437639,16670110,7407008,174733,1596913,14794995,91289,147857,80504,361054,570189,424671,217971,115249,239265,92615,124005,0,17
2008,United Kingdom,6330252,20035542,103308156,175853926,2978552,13448584,89765395,3965388,1537906,166183,845001,2441280,2913161,7311560,4133887,5138328,1688539,1548238,220310,0
2008,Norway,1848392,14383593,12069657,825160,119163,519954,21905453,76970,26049,90355,36198,0,0,271541,75982,259963,0,309784,0,0
2008,Switzerland,857566,91408,9055596,585078,2384299,1809534,6699854,765296,163176,458336,238681,650698,242131,1373558,72451,773356,133029,308136,0,0
2008,Serbia,-1,-1,-1,-1,-1,-1,-1,-1,-1,-1,-1,-1,-1,-1,-1,-1,-1,-1,-1,-1
2008,Turkey,14659382,1802968,102201245,109937742,564781,730229,17786634,36915,62489,88288,57991,149997,1115722,60104,55968,61313,21321,110476,0,25359
2009,European Union (28 countries),102016800,54313247,867875048,1249818041,45953610,81929878,512045823,19310992,10245176,8000862,8166150,20774892,22854407,30884716,21915432,28187569,7585473,10827166,273837,790
2009,European Union (27 countries),101126317,54037196,861417197,1244470592,45760450,81352500,510732858,19265257,10164562,7944063,8039931,20630022,22746211,30768727,21847155,28106482,7561739,10742721,269277,790
2009,Belgium,2205053,20508,31430786,20796429,1065405,2608244,11818629,471105,637810,376299,127939,984866,1213673,1509130,1061577,1304752,193613,326518,0,0
2009,Bulgaria,846438,268291,6024505,30701406,86345,394107,4107412,55358,33656,30679,20732,53365,59180,78103,230290,76846,18242,19388,0,0
2009,Czech Republic,1164440,4223950,21432497,52673478,780282,1173243,9381847,212377,116167,95420,1161287,225345,320899,593904,352909,428357,75440,66022,0,0
2009,Denmark,2332773,1896975,5565669,20883507,1097828,1015109,43538037,121244,112262,67378,103803,176640,244703,381339,146301,205533,73803,90157,0,0
2009,Germany (until 1990 former territory of the FRG),12520560,9919842,156631524,327428023,8583305,15954332,81550637,3791164,3285991,1929575,1008865,8106530,1004752,3452013,4661341,7160080,2382280,4034629,0,0
2009,Estonia,132298,69574,1386808,9823251,46614,155720,1167650,35846,15020,6832,81900,39932,46479,236195,58415,21997,20139,15124,0,0
2009,Ireland,1310975,302616,6505757,12468020,286480,1623880,2803576,374611,147636,45860,45141,92590,101273,511303,327188,111523,79197,105745,0,0
2009,Greece,1983430,4782,17756063,50680660,3600,366473,9956673,108645,35826,41249,4247,92630,43340,218176,127946,96987,19343,84005,28669,0
2009,Spain,10935649,3803160,83303989,75219077,1095455,4710816,45731929,842148,553127,308811,78710,382492,1663379,1820906,1080659,1074801,102329,268886,0,0
2009,France,14366358,1381029,104512498,38929047,10088638,10265390,42812640,3902745,1278778,1243340,598983,3004701,7506123,4070953,3329848,4978718,639292,1100603,0,0
2009,Croatia,890484,276051,6457851,5347449,193160,577378,1312964,45735,80614,56800,126218,144869,108196,115989,68276,81087,23735,84445,4560,0
2009,Italy,8486873,2453158,111492838,110714625,7680290,7279203,50577874,2464078,282783,516352,306956,839630,2099834,2374176,40643,1457258,454106,742897,0,0
2009,Cyprus,82112,34589,1566756,3992677,10156,183913,952216,56043,8508,20867,6783,19029,30965,60319,44933,6785,8861,14485,0,0
2009,Latvia,431813,33314,1166616,1960591,58696,308856,2532486,17318,16728,10659,97987,36289,60909,93537,30718,42383,23575,9695,0,0
2009,Lithuania,219967,9321,4182538,3261526,26606,91653,4179650,15452,10968,10766,13155,21279,20437,54863,59647,38170,10289,15518,274,345
2009,Luxembourg,63100,7000,1518176,1276400,21100,181900,3735500,24300,48700,234900,6600,20768,19863,21100,29800,35800,13600,5465,0,0
2009,Hungary,1617547,470750,9418472,15972429,297708,1557090,4067670,128476,462496,300744,509844,347818,458967,735023,304349,255728,61212,124029,558,0
2009,Malta,15379,5125,44871,1911663,5375,38387,3308226,3968,5014,3448,2485,7352,18651,6924,2282,4486,1530,2879,0,310
2009,Netherlands,10032645,2074876,42678563,53303862,9202197,5162435,27647178,1115612,310645,763982,704026,1056530,2299257,2370720,955995,1950959,682622,761366,0,0
2009,Austria,1570168,1195527,24954535,9377243,262816,1215569,6202157,414986,141801,93519,48955,196196,263740,261580,706680,258535,203592,292105,0,0
2009,Poland,16031425,2310118,55936418,153890846,467709,6750153,24333713,780210,740350,1031731,596668,1483789,1160891,2980248,3312107,2310039,452058,644826,0,0
2009,Portugal,1989900,321900,15324900,16882400,652800,2279400,5703500,624000,72900,135100,20900,122100,276500,728900,129300,710100,102800,102800,0,0
2009,Romania,1323471,1212495,22966594,33477072,459716,1703724,8995353,156074,279545,212756,454834,508091,367009,431677,230969,304062,85530,288841,17853,112
2009,Slovenia,227772,148638,3313764,8488325,6099,0,3910993,103762,12201,8844,73254,95901,19442,11449,105209,115660,38911,35380,0,0
2009,Slovakia,139682,634700,17952457,6495672,71481,1061452,4831102,27279,2862,5359,94837,55170,8815,364717,727448,181141,23539,24238,0,0
2009,Finland,2037592,297529,14158674,21981087,332828,77538,9521492,9392,57142,223691,811686,24553,343044,506088,93356,122094,64423,82237,0,0
2009,Sweden,2620911,1291702,13223727,7717710,174847,1518368,14422098,95833,161506,94400,337540,589379,475589,290716,131667,258451,98208,129781,8,23
2009,United Kingdom,6437987,19645728,86967203,154163565,2896077,13675544,82942621,3313232,1334140,131501,721815,2047058,2618497,6604671,3565578,4595240,1633207,1355102,221915,0
2009,Norway,1988027,13229362,10446758,1841461,117245,506349,20759795,75938,26580,87084,35612,0,0,281284,92005,277288,0,315503,0,0
2009,Switzerland,924199,77786,8598812,565435,2302394,1796345,6221194,706069,184586,429473,120788,623983,247544,1357588,70691,783366,131420,320391,0,0
2009,Serbia,-1,-1,-1,-1,-1,-1,-1,-1,-1,-1,-1,-1,-1,-1,-1,-1,-1,-1,-1,-1
2009,Turkey,14415317,1589684,96406513,100763682,486895,725107,17701933,36610,61972,87557,57511,148749,1106482,59606,55504,60788,21144,109558,0,25149
2010,European Union (28 countries),104309472,53798467,917264698,1279938466,48007925,84902632,513650723,20585023,10621962,8124622,8632612,19872476,22518815,30725089,22588031,29579411,7658891,10824651,274559,731
2010,European Union (27 countries),103435550,53540284,910979052,1275013286,47828176,84330668,512303587,20537907,10540173,8064778,8500370,19725481,22408152,30606315,22516471,29495541,7634230,10739124,269696,731
2010,Belgium,2350727,24660,35476142,21413577,1229852,2440235,13548181,604601,742481,427905,137479,1084304,1209125,1560838,1055369,1487654,218199,354154,0,0
2010,Bulgaria,838612,264800,6012611,30611382,84353,385062,3966115,54181,32247,28781,20214,50739,56655,75078,218599,75133,17252,18384,0,0
2010,Czech Republic,1132275,4374037,19767962,56735454,733257,1080191,8940351,176540,117024,83726,1249981,243528,310697,582698,264792,433885,75590,69516,0,0
2010,Denmark,2305396,1997683,5676691,20838887,1105216,1069300,41406864,136641,109253,64369,129003,181453,243669,348110,154880,213101,73609,93016,0,0
2010,Germany (until 1990 former territory of the FRG),12280016,8884239,171380854,349415563,7150041,18105763,82953065,4108687,3287589,1972550,1009257,7025020,1121490,3567164,4774400,7544298,2375366,4005737,0,0
2010,Estonia,79558,71769,1211262,13840020,22737,86604,1600314,9453,10158,6308,56612,27072,33150,86166,22709,15190,9286,12449,0,0
2010,Ireland,1360853,192949,6318493,12751580,213134,1328480,2792457,318291,145760,41554,43600,98319,97659,494557,330478,110738,88067,99798,0,0
2010,Greece,1712710,4435,17004370,48318740,3140,339867,8674663,100757,33225,38255,3938,85905,40194,205805,118657,89946,17939,77906,26587,0
2010,Spain,11006879,4242731,85407505,58644048,1021793,5659565,44035866,1431127,606203,317924,91646,454745,1531679,1835277,1149147,1056481,93838,295529,0,0
2010,France,14776848,1214298,108268607,40690995,10625569,10326814,42845518,3726194,1248738,1299486,666362,2958970,7300301,4110933,3226360,4788246,616289,1082771,0,0
2010,Croatia,873922,258182,6285647,4925180,179749,571964,1347136,47116,81789,59844,132243,146996,110663,118774,71560,83870,24661,85527,4864,0
2010,Italy,7952696,2335445,118729516,111802604,10362983,6622403,52482823,2653744,280741,509605,331774,813953,1844563,2188720,40565,1542907,465884,734935,0,0
2010,Cyprus,79160,29670,1322162,3870985,12121,169821,918780,57997,8670,28020,4219,19857,31647,59396,42276,7121,8952,16557,0,0
2010,Latvia,501228,33821,1644908,2335633,38129,363545,3071286,16729,20487,9771,81244,33127,38052,111732,34794,62346,15800,8345,0,0
2010,Lithuania,181492,9709,4124076,3924020,28867,82399,4594290,16482,11669,11043,13783,24065,23723,65429,66008,42461,10454,15488,349,379
2010,Luxembourg,64600,6200,1625359,1320200,22700,239600,3504400,25900,65500,246000,8800,22584,32330,34000,41000,40200,25800,9093,0,0
2010,Hungary,1746404,470048,9670328,16421174,337031,1595336,3737791,129582,469256,331352,571480,393800,457878,782812,324873,276255,77374,127401,956,0
2010,Malta,16675,5607,48279,1887987,5985,38351,2842389,3935,4987,3470,2495,7366,19347,6863,2294,4468,1524,2931,0,328
2010,Netherlands,11160860,2260224,45369759,55940770,9092416,5517033,27734089,1448292,422195,621266,629176,955498,2102960,2430249,1159680,2586947,871461,779060,0,0
2010,Austria,1559420,1192837,27391796,10899598,270328,1194212,6370943,314230,133517,87474,50256,199299,273621,269654,654405,259982,185563,256624,0,0
2010,Poland,17332423,2097743,60599606,158951479,563671,7232158,26131280,782430,857575,1113661,645983,1586283,1356893,3197284,3559166,2519332,489101,672923,0,0
2010,Portugal,2100800,310000,16091300,11846100,632200,1891400,5711800,520300,68500,126600,19600,123800,260700,645000,112200,544000,90300,92900,0,0
2010,Romania,1175735,1200101,23699753,30268576,459347,1606163,7167675,154255,267260,215132,459217,486214,345653,406105,230046,295326,83697,274389,18292,0
2010,Slovenia,227896,157644,3309721,8600654,7177,0,3772341,91512,10908,8148,66176,89252,19663,11088,94671,103456,37157,32996,0,0
2010,Slovakia,154929,688256,18244534,6216832,60977,1085545,4982559,26744,2806,5254,92979,54089,8643,357570,713193,177591,23078,23763,0,0
2010,Finland,2051513,439508,16120488,27329016,328683,182891,10282653,8238,52798,237444,994475,25195,499947,586382,89971,128795,59289,84518,0,0
2010,Sweden,2660711,1513100,16042588,10232309,223754,1506804,14135016,92105,131979,95349,363016,556571,483670,223380,124971,233784,90671,125302,12,24
2010,United Kingdom,6625135,19518771,90420381,159905105,3192715,14181127,84100077,3528960,1398647,134331,757602,2124474,2664245,6364025,3910966,4855896,1512691,1372640,223499,0
2010,Norway,2045131,13563959,11492170,2461287,83194,500742,22648242,79431,25703,65433,25766,0,0,287766,119370,294111,0,308941,0,0
2010,Switzerland,869546,74499,8839979,668447,2375617,1870173,6243850,777215,187808,445542,81066,718107,241331,1408682,73682,797176,125464,369218,0,0
2010,Serbia,-1,-1,-1,-1,-1,-1,-1,-1,-1,-1,-1,-1,-1,-1,-1,-1,-1,-1,-1,-1
2010,Turkey,14195865,1927552,109176857,98742240,555752,723916,15615848,36351,61533,86938,57104,147688,1098655,59185,55112,60332,20994,108779,0,24971
2011,European Union (28 countries),103673321,52166144,895487744,1260263968,45439300,81173487,510775879,19299991,9986149,7362579,7694812,18696832,21830719,28106558,20374753,27229040,7009394,10047288,272956,946
2011,European Union (27 countries),102785894,51928549,889566098,1255159004,45276454,80621336,509467276,19255772,9908699,7307023,7571928,18557788,21725842,27994240,20307764,27150253,6986138,9966234,268479,946
2011,Belgium,2098433,24887,34810909,18446000,1087341,2131312,13836495,474827,669751,392545,134369,918913,1108425,1365462,963196,1365597,203308,309584,0,0
2011,Bulgaria,1072685,203881,6480518,36766413,89186,436458,4512380,104036,32388,28211,52524,51216,62025,87703,238750,86757,18648,20279,0,0
2011,Czech Republic,1127803,4307464,18429241,55548811,729057,1198377,8708609,185631,110533,82896,943191,206101,280568,481264,246529,394605,69481,64435,0,0
2011,Denmark,2320164,1806695,5954912,16696291,1157316,1103488,43885116,127158,102045,61260,115139,160101,248960,414109,152330,187195,70270,67957,0,0
2011,Germany (until 1990 former territory of the FRG),12550694,10533104,170030421,346151906,7704533,17379304,78181759,3817371,3088630,1742934,966638,6624122,1072786,3289674,4302229,6786513,2139884,3663911,0,0
2011,Estonia,74939,76940,1858038,13639488,19143,106631,1560424,27497,8187,4672,55969,23554,26352,108468,38267,13662,12736,13804,0,0
2011,Ireland,1244637,208634,5508793,11405430,139288,1245704,2760111,295207,161282,41821,25380,84695,107391,467371,303093,102355,69482,108500,0,0
2011,Greece,1765300,4182,13136104,50459800,2990,320466,7425067,95005,31328,36071,3713,81001,37899,192806,111884,84811,16915,73459,25070,0
2011,Spain,11792694,2471472,81454135,71964664,1089084,5932192,41330025,1497928,635155,332482,95984,476786,1494550,1862599,1202246,1108482,97067,309542,0,0
2011,France,15172499,1030710,103076108,32799962,10473936,9952875,43745758,3560657,1174982,1224036,638435,2807372,7164060,3554449,2800947,4576805,561296,999036,0,0
2011,Croatia,887427,237595,5921647,5104964,162846,552151,1308603,44220,77450,55556,122884,139044,104877,112319,66989,78786,23256,81054,4477,0
2011,Italy,7920431,2754403,115492375,110826533,7083263,6411536,52098279,2438719,260736,468690,304252,757216,1776483,2034396,39958,1408541,425111,674490,0,0
2011,Cyprus,84637,38135,1219725,3713913,13098,153887,697673,57519,8334,27077,2312,18053,24791,65129,42440,6231,7081,12454,0,0
2011,Latvia,505216,41017,1471336,2146276,39032,304068,2650139,13980,13117,6079,73286,23185,33314,101574,21222,45386,9893,49228,0,0
2011,Lithuania,162915,9287,5248309,3080344,31926,81410,5278658,17460,13708,9991,14659,29635,23582,60440,69105,44741,10784,17227,494,613
2011,Luxembourg,51300,3200,1593444,1120400,19000,209900,3123700,25200,68200,135000,16200,27800,34106,25700,23100,35900,17100,9401,0,0
2011,Hungary,1751054,476081,9608945,15872252,354521,1591223,3618940,127168,449039,324451,570761,406195,462034,758462,304415,270547,76213,123456,946,0
2011,Malta,10189,7191,58534,1932004,8248,30006,3512608,2937,3780,2797,1991,5799,17903,5107,1840,3412,1164,2496,0,327
2011,Netherlands,10335188,2298527,44178063,51527586,9571235,4628387,28361686,1138111,332842,487525,464204,778590,1999870,2076888,869199,2074890,693876,636847,0,0
2011,Austria,1591025,1277496,27556634,10507468,240946,1087858,6305427,244278,113650,75548,47530,186748,259649,208660,491927,202581,148186,194946,0,0
2011,Poland,16372621,2233441,64307110,160782965,650617,6622107,25745190,726635,763043,1059510,606396,1585441,1266333,2912353,3318656,2372348,469024,671709,0,0
2011,Portugal,1985300,312200,14701800,13978200,668200,1767200,5556900,536300,54500,96800,15300,111400,242000,441500,102200,471800,78800,78000,0,0
2011,Romania,1264496,1194340,24118695,34168499,537391,1499130,6780049,148579,257526,202826,433811,467733,333406,384647,217951,282353,81279,266727,17070,0
2011,Slovenia,215479,140167,3082342,8704905,7227,0,4255256,80061,8635,6000,56197,72228,19080,10268,80796,93200,33520,29879,0,0
2011,Slovakia,152542,671418,19366413,6372888,75580,910646,4643493,16546,1736,3251,57524,33464,5347,221221,441238,109872,14278,14702,0,0
2011,Finland,1928246,503563,15886421,21169877,292398,130041,10391966,7390,42738,252120,802040,24501,488474,550621,68595,121577,64553,83617,0,0
2011,Sweden,2588772,1560644,15307066,8157053,232313,1540869,13380102,88487,135764,85821,335869,543956,496951,231500,117248,234559,98928,126775,0,5
2011,United Kingdom,6646635,17739470,85629707,147219076,2959586,13846262,87121468,3401086,1367069,116607,738253,2051983,2639502,6081869,3738405,4665536,1497263,1343775,224900,0
2011,Norway,2063749,13396516,11490704,2267821,75117,514237,19192177,79888,24938,46448,22700,0,0,256280,71946,201459,0,268903,0,0
2011,Switzerland,859326,71411,8307104,525793,2341505,1733345,6856104,657536,147221,411128,74317,569599,256945,1254561,66762,679426,102168,271031,0,0
2011,Serbia,-1,-1,-1,-1,-1,-1,-1,-1,-1,-1,-1,-1,-1,-1,-1,-1,-1,-1,-1,-1
2011,Turkey,16326704,1659518,113917878,105519484,445375,760280,17162216,38324,64874,91658,60204,155703,1158300,62398,58104,63600,22134,114683,0,26326
2012,European Union (28 countries),100962673,48381646,859285980,1262803832,45351261,78267560,493321875,19099940,9710771,7205193,7474893,18473578,21258918,26962663,19593632,26409736,6869226,9793974,280526,637
2012,European Union (27 countries),100134346,48164246,854119988,1258189512,45199789,77770405,492201564,19060630,9640362,7155880,7365948,18347512,21164879,26860980,19534280,26339300,6848611,9721153,276592,637
2012,Belgium,2121278,24733,32296945,18423269,1064895,2224597,12755709,612871,676136,401860,136512,996950,1150188,1437113,953943,1339174,201264,336161,0,0
2012,Bulgaria,1085916,214400,5886468,32344494,98738,453377,4740149,81937,32962,25289,23714,50681,61151,66743,211598,72026,17878,26129,0,0
2012,Czech Republic,1119667,4273553,17270498,52681203,732356,1220590,8465129,194173,106621,87664,918758,220241,228365,537523,232337,411162,70200,60874,0,0
2012,Denmark,2233184,1775640,5772297,13474489,1128041,1005815,41514663,113280,91792,55159,134007,154625,220641,368555,152957,182509,66027,71433,0,0
2012,Germany (until 1990 former territory of the FRG),12378367,8166591,165500985,357835133,7494110,16973419,83263316,3684946,3009026,1784922,983905,6605755,1028528,3059790,4074438,6497828,2058361,3524329,0,0
2012,Estonia,97562,104472,1757760,12461992,16704,138346,992228,25912,14231,4984,109591,38323,31160,132029,29707,18412,16619,18801,0,0
2012,Ireland,1085038,192811,5834387,12137170,176196,1127841,2571805,269034,178965,40473,32576,144184,138184,471198,303209,105223,59437,96057,0,0
2012,Greece,915280,5217,14451580,50902150,3230,399775,6369667,118518,39082,44998,4632,101048,47279,239230,139573,105800,21101,91638,31274,0
2012,Spain,12185329,2519271,79552468,76445373,1134879,5290551,37961957,1337843,566938,297094,85695,425413,1362520,1675776,1055363,988635,87285,277535,0,0
2012,France,14702363,1144908,98843004,36188339,10260671,9670162,42164786,3401521,1157514,1196517,622684,2777784,7064385,3549200,2775303,4312996,540126,981500,0,0
2012,Croatia,828327,217400,5165991,4614320,151472,497154,1120311,39310,70409,49313,108945,126066,94039,101683,59352,70437,20615,72820,3934,0
2012,Italy,7839394,2746513,105065174,108559152,7097708,5731882,47318899,2338396,242294,434850,293524,689172,1572841,1775721,37277,1341639,402752,622920,0,0
2012,Cyprus,81406,41794,1028986,3549350,12991,136482,537043,46881,9125,22274,1806,14845,26722,62371,35890,5731,6220,11024,0,0
2012,Latvia,493487,39773,1516209,1947784,26624,290901,2154623,12246,10951,5342,52732,31198,38964,80085,13896,40666,10439,56982,0,0
2012,Lithuania,159034,8109,5323545,3167418,24990,70204,5405489,14160,12537,8427,13711,27495,19462,46861,55782,35801,9857,14115,858,316
2012,Luxembourg,53100,4600,1488080,1139000,12100,226400,3173595,33500,45000,170918,26500,37100,36500,29900,37600,43700,22100,9477,0,0
2012,Hungary,1533594,427666,9003914,15201749,339341,1471743,3327129,96903,389479,254841,467173,332110,409937,638143,250687,240442,58240,103844,797,0
2012,Malta,27422,7147,57585,2053004,8231,36772,3089223,3771,4780,3331,2395,7067,18629,6576,2202,4286,1461,2817,0,316
2012,Netherlands,9754185,2401957,43058659,49033398,9894818,4707682,28746395,1378007,343949,540786,471258,804926,2068624,2193081,960062,2483119,736159,672573,0,0
2012,Austria,1548070,1223630,26860918,9126744,229581,1092467,6214681,233912,110880,74024,49546,208106,268413,181474,416282,183016,136028,162612,0,0
2012,Poland,15998377,1890705,63736458,155028424,733409,6011567,26159998,695815,731596,986644,551181,1469226,1201264,2705821,3066631,1982005,414530,623436,0,0
2012,Portugal,1979000,247100,13974400,14958300,636600,1508600,5141100,591300,50300,90300,12200,104100,216100,390800,88500,412100,77900,73700,0,0
2012,Romania,1440808,1177388,23394838,31459970,546212,1556088,6148702,152466,265259,199244,430740,482860,340477,385924,214111,283407,81303,278833,16572,0
2012,Slovenia,222855,134027,2980110,8368402,7457,0,4239626,57672,5679,4470,39267,48552,16101,9590,57420,66801,29769,20878,0,0
2012,Slovakia,148304,668811,17466776,6075371,72895,935697,4233412,19530,2049,3837,67898,39498,6311,261115,520808,129686,16852,17353,0,0
2012,Finland,1977346,496799,14108989,17447623,348580,144145,10659953,9537,41468,206234,770994,22958,472448,486212,65127,141941,96569,97118,0,0
2012,Sweden,2521710,1605353,14787656,7546806,227184,1389531,12673155,85385,122770,90032,315583,466145,473092,206733,111068,229488,93926,111165,19,5
2012,United Kingdom,6432269,16621278,83101297,160633407,2871248,13955771,82179132,3451116,1378981,121366,747367,2047149,2646594,5863415,3672508,4681707,1516206,1357847,227072,0
2012,Norway,2158713,13451010,11309667,1744303,84850,512683,19043697,81196,24622,40410,24236,0,0,274692,57062,187464,0,275122,0,0
2012,Switzerland,866620,67236,7996941,587042,2405860,1775030,7143122,685461,140907,396552,74506,600234,246366,1308609,69492,675449,119198,301802,0,0
2012,Serbia,-1,-1,-1,-1,-1,-1,-1,-1,-1,-1,-1,-1,-1,-1,-1,-1,-1,-1,-1,-1
2012,Turkey,4462803,1823425,123581838,116380893,518489,1008992,20496504,51475,87136,123111,80864,209126,1555777,83810,78042,85400,29730,154034,0,35361
2013,European Union (28 countries),101264498,47831614,841600007,1195355629,45029294,78745126,486445958,19886201,9960052,7309544,7754590,19047012,21305018,26508645,19973793,27883092,7018760,9994556,271397,623
2013,European Union (27 countries),100471704,47609200,836498415,1190976983,44873233,78236216,485071101,19847518,9890685,7262136,7650583,18923452,21208069,26406422,19913487,27812945,6997112,9921673,267706,623
2013,Belgium,2222146,24679,32775648,16519442,856633,2327521,12443622,653178,692527,409136,138208,1047899,1177751,1490921,1077257,1426974,207236,349593,0,0
2013,Bulgaria,891209,193118,5561851,28388993,69171,414203,4283840,49357,24786,16420,14371,30211,37434,50535,135543,57313,12133,12204,0,0
2013,Czech Republic,1115214,4070639,19415408,49605990,752634,1188609,8272846,200737,169803,99595,1300229,216239,323870,616322,250876,460703,71084,61200,0,0
2013,Denmark,2279848,1707536,5639933,15658923,1275090,920530,38597020,106610,74164,52293,108830,137155,195026,380190,149240,184684,63038,63671,0,0
2013,Germany (until 1990 former territory of the FRG),13033174,8471225,168735231,357939295,7481144,18180354,84639121,4101033,3243267,1998777,1019842,7119709,1145142,3165086,4651530,7313793,2185380,3741810,0,0
2013,Estonia,79977,130894,2264806,14425710,20988,98449,2183219,9189,11079,5358,49201,31023,36187,76070,20846,14039,9517,13674,0,0
2013,Ireland,1307021,215824,5807457,10737590,184326,1096537,2637273,245701,184294,37570,32008,148241,104380,428622,279429,97438,52546,93910,0,0
2013,Greece,512180,3195,16216677,44100220,3120,244826,6621568,72581,23934,27557,2837,61882,28954,147533,85476,64793,12922,56120,19152,0
2013,Spain,12656044,2409761,73603783,57474354,1109208,5164813,36290391,1307337,553802,290410,83722,415453,1351323,1647147,1030645,965235,85661,270795,0,0
2013,France,15140113,1047230,98690448,35902965,9224485,10147050,42276075,3759443,1230632,1244265,640520,2919436,7196670,3434477,3088307,4702741,584614,1031703,0,0
2013,Croatia,792795,222414,5101592,4378646,156061,508910,1374857,38683,69368,47408,104007,123560,96949,102223,60305,70147,21649,72882,3691,0
2013,Italy,7844914,2694479,87287596,99210736,7518800,5617826,46326609,2331304,238368,427954,292053,679026,1527090,1993404,37163,1330457,398377,613397,0,0
2013,Cyprus,77601,24292,1329857,2832296,10279,110875,456806,41658,7407,26399,1512,12992,20044,51516,34876,5600,5471,9707,0,0
2013,Latvia,504995,54905,1315113,1924588,21923,305673,1980037,18756,14652,6546,73036,31944,49266,73571,18124,49320,14978,8258,0,0
2013,Lithuania,167892,7852,4918989,2594384,23853,79241,6025205,15390,11374,8417,13471,27985,19981,58412,55131,37476,11613,14987,699,303
2013,Luxembourg,58000,5700,1416892,771400,12400,270400,3368858,34800,45700,178357,31700,43400,35100,37800,41400,47600,13100,11050,0,0
2013,Hungary,1921568,435357,9166863,12707242,343120,1505115,3280616,104852,403065,247572,492406,353391,414331,680508,242019,259399,64988,108479,828,0
2013,Malta,25079,6812,55488,1697710,7632,35486,3234862,3621,4596,3221,2314,6818,18273,6313,2128,4120,1406,2739,0,313
2013,Netherlands,9628102,2446941,41890761,47941646,10144350,4747107,28313330,1455818,353614,546449,446648,880572,1989485,2163698,968838,2626038,773022,700024,0,0
2013,Austria,1547452,1053832,27074735,8149410,195615,1112773,6515460,195387,102369,67810,51732,211826,279765,159756,317903,150200,115900,122384,0,0
2013,Poland,15183627,1941880,62248827,156825251,814427,5210975,24388205,598901,662882,861962,487551,1354232,1084830,2357022,2693053,1969647,342761,642856,0,0
2013,Portugal,1992600,245100,15189400,12309100,688700,1535200,5304900,596800,49800,85100,11500,97800,219400,387300,89100,405500,78300,71900,0,0
2013,Romania,1274982,1105287,21751394,24243871,553102,1445841,7066323,150918,259545,198726,427293,470488,335054,373052,213761,281230,82895,273115,16483,0
2013,Slovenia,218941,130177,2894493,8127983,7243,0,3986133,62885,6192,4874,42817,52942,16626,9594,62367,72641,32460,22716,0,0
2013,Slovakia,171714,627103,17425481,5613192,59214,1004532,4400638,25677,2694,5044,89267,51930,8298,343296,684723,170502,22156,22814,0,0
2013,Finland,1942900,434900,13899430,18847153,382876,140970,11133645,9271,39037,238736,747274,23506,467213,479879,62839,146762,96779,98027,0,0
2013,Sweden,2460410,1495482,13754828,7181284,214243,1326248,12219809,80846,117005,83647,265622,451857,457660,189007,107194,214789,91838,107093,11,7
2013,United Kingdom,6214001,16624999,86167028,149246255,2898657,14005062,78824692,3615468,1364094,89940,784620,2045495,2668917,5605392,3513722,4753952,1566935,1397446,230533,0
2013,Norway,1901400,13592548,11407734,1748624,79500,501592,19697822,84115,25631,30952,23571,0,0,283410,53093,159390,0,253334,0,0
2013,Switzerland,886827,74936,8215016,566710,2294524,1707479,7253838,641574,141626,347709,96565,625356,229405,1405472,77148,686307,127868,377713,0,0
2013,Serbia,-1,-1,-1,-1,-1,-1,-1,-1,-1,-1,-1,-1,-1,-1,-1,-1,-1,-1,-1,-1
2013,Turkey,3860242,1854114,125459824,109489897,511219,1124439,21760289,57525,97377,137579,90368,233696,1738623,93660,87214,95415,33224,172133,0,39516
